"NAME","ACCOUNTNAME__C","ACCOUNTNUMBER__C","SALESAREANAME__C","SHOPPINGCART__C","url","PAYMENTPAGEURL__C"
"SA00485650","00110000011xdBDAAY","SP00774402","ハッピー名刺 （PC）","EC-CUBE","http://happy-meishi.com",""
"SA00493595","0011000000WweZfAAJ","SP00731217","五彩堂（PC・スマホ）","EC-CUBE","http://www.gosaido.co.jp/",""
"SA00493958","00110000013EvL0AAK","SP00775808","Beauty-Glad（PC・スマホ・フィーチャーフォン）","EC-CUBE","https://beauty-glad.jp/",""
"SA00475332","0011000000qP5x9AAC","SP00746914","トノタウン（PC)","EC-CUBE","http://tonotown.jp",""
"SA00474246","0011000000oggGEAAY","SP00745424","総健美舎（PC、スマホ、フィーチャーフォン）","EC-CUBE","http://www.soukenbisya.com",""
"SA00474596","0011000000p9QOgAAM","SP00745580","「DEA」公式通販サイト（PC、スマホ）","EC-CUBE","http://dea.co.jp",""
"SA00474297","0011000000IamGzAAJ","SP00647101","ALICIA Online Store（PC、スマホ）","EC-CUBE","http://alicia-online.jp",""
"SA00491472","00110000015GbUuAAK","SP00792608","オフィスガーデン　（PC・スマホ・フィーチャーフォン）","EC-CUBE","http://www.officegarden.net",""
"SA00474373","0011000000p6uMLAAY","SP00745468","スパークオンラインショップ（PC、スマホ、フィーチャーフォン）","EC-CUBE","http://shop.jspark.com",""
"SA00479231","0011000000ucaZ1AAI","SP00750614","ドクター・ウォーター　パートナーズウェブショップ（PC・スマホ）","EC-CUBE","http://dr.meisui-tabibito.com/login/",""
"SA00509916","0015F000019K2foQAC","SP00821370","マッスルエレメンツ　（PC・スマホ）","EC-CUBE","http://muscle-elements.jp/user_data/hmb.php",""
"SA00479246","0011000000udUfsAAE","SP00751858","茶庵はかた珈琲ネットショップ　（PC・スマホ）","EC-CUBE","http://hakatacoffee.com",""
"SA00479251","0011000000jtBapAAE","SP00740134","あんしんあんぜん総合研究所（PC、スマホ）","EC-CUBE","http://anshin-anzen-laboratory.com/shop/",""
"SA00479241","0011000000Ww0NBAAZ","SP00724882","キレイアップラボ本店（PC・スマホ）","EC-CUBE","http://kirei-up-labo2.com",""
"SA00474537","0011000000p8VcJAAU","SP00745553","ニコストップ（PC、スマホ）","EC-CUBE","http://www.nicostop.jp",""
"SA00474535","0011000000p8VcJAAU","SP00745553","エンジェルアップp001（PC、スマホ、フィーチャーフォン）","EC-CUBE","http://g-cosme.net/product/view/angls/p001",""
"SA00474536","0011000000p8VcJAAU","SP00745553","キダチアロエニン（PC、スマホ、フィーチャーフォン）","EC-CUBE","http://aroenin.com/pc/",""
"SA00474541","0011000000p8VcJAAU","SP00745553","ボーツーステージA-women（PC、スマホ）","EC-CUBE","http://g-cosme.net/product/view/b2s/bs1women",""
"SA00474534","0011000000p8VcJAAU","SP00745553","エンジェルアップ（PC、スマホ、フィーチャーフォン）","EC-CUBE","http://g-cosme.net/product/view/angls/ujbsq",""
"SA00474540","0011000000p8VcJAAU","SP00745553","ボーツーステージA-men（PC、スマホ）","EC-CUBE","http://g-cosme.net/product/view/b2s/bs1men",""
"SA00474539","0011000000p8VcJAAU","SP00745553","マイカロリSP（PC、スマホ、フィーチャーフォン）","EC-CUBE","http://g-cosme.net/product/view/mkrl/mkrllpasp",""
"SA00474538","0011000000p8VcJAAU","SP00745553","マイカロリ（PC、スマホ、フィーチャーフォン）","EC-CE","http://g-cosme.net/product/view/mkrl/mkrllp",""
"SA00474580","0011000000p8w7kAAA","SP00745571","アクティショップ　（PC）","EC-CUBE","https://www.actyshop.com",""
"SA00474617","0011000000bh4bdAAA","SP00736484","カタログギフトのハーモニック【公式サイト】（PC・スマホ）","EC-CUBE","http://www.harmonick.co.jp",""
"SA00502247","0011000000ucaZ1AAI","SP00750614","スパーク プレミアム メンバーズ ショップ(SPARK Premium Member’S  Shop)（PC・スマホ）","EC-CUBE","http://sp.meitabi.com/",""
"SA00500090","0011000000tBuO4AAK","SP00750245","7+English（PC・スマホ）","EC-CUBE","https://7plus-en.com/?CNV=default",""
"SA00501657","0015F000017u23BQAQ","SP00806966","パーツ美人　専門ショップ（PC・スマホ）","EC-CUBE","https://partsbijin.com/",""
"SA00491918","0015F000015WDVlQAO","SP00792835","電子タバコのヘルシーサポート　EC-CUBE（PC・スマホ）","EC-CUBE","http://www.healthy-s.net/joyetech/",""
"SA00492030","0011000000pgHf4AAE","SP00746910","スワグラン　EC-CUBE（PC・スマホ）","EC-CUBE","http://soiegrand.com",""
"SA00492023","0011000000LFcojAAD","SP00696954","EXENA(PC・スマホ）","EC－CUBE","http://exena.jp/",""
"SA00496424","0011000000p0UPoAAM","SP00745443","ONE SELF（PC、スマホ）","EC-CUBE","http://www.mssjapan.co.jp/oneself",""
"SA00492047","0015F000015WctKQAS","SP00792889","Dr.Q（PC・スマホ）","EC-CUBE","http://karada-mamoru.com",""
"SA00492091","0011000000NphfFAAR","SP00700338","D-cops（PC・スマホ）","EC-CUBE","http://d-cops.com/html",""
"SA00492086","0015F000015Wk3iQAC","SP00792909","業務用調味料.ラーメンの足立商店（ＰＣ）","EC-CUBE","http://www.adachishouten.com",""
"SA00492106","00110000015HIRRAA4","SP00792647","スイシア （PC・スマホ）","EC-CUBE","http://suisia.com/",""
"SA00492105","00110000015GUWXAA4","SP00792601","DELUXE DIRECT WEB SHOP　EC-CUBE（PC・スマホ・モバ）","EC-CUBE","http://deluxeshop.jp",""
"SA00500275","0015F000017a5uuQAA","SP00804058","物品レンタル業（通信販売・WEB（モバ））","EC-CUBE","http://www.kasite.com/sp",""
"SA00492761","00110000011wmbIAAQ","SP00774379","CREATORS TREE（ＰＣ・スマホ）","EC-CUBE","http://creators-tree.tokyo",""
"SA00496588","0015F0000170uD7QAI","SP00798507","ワードレコーズ・ダイレクト（PC・スマホ）","EC-CUBE","http://wardrecords.com","http://wardrecords.com/user_data/guide.php"
"SA00411694","0011000000IbGksAAF","SP00678987","特産ジャポン","EC-CUBE","http://www.tokusan-j.com",""
"SA00387506","0011000000IasGXAAZ","SP00670127","フィラーレ　ショップ","EC-CUBE","http://filare.jp",""
"SA00378721","0011000000IatWOAAZ","SP00675045","株式会社ミッシーリスト","EC-CUBE","http://www.mishii-list.com",""
"SA00389685","0011000000IapTnAAJ","SP00659422","H.I.S.地球旅市場（PC・スマホ）","EC-CUBE","http://goods.his-j.com",""
"SA00386429","0011000000IarQ3AAJ","SP00666773","APEGO","EC-CUBE","http://apego.jp",""
"SA00385914","0011000000IaoW3AAJ","SP00655718","防草シート専門店 らくやのう（PC・スマホ）","EC-CUBE","https://www.bousou-sheet.com/",""
"SA00386853","0011000000IajFOAAZ","SP00635470","新潟のお米専門店　いなほんぽ（PC・スマホ）","EC-CUBE","http://www.niigata-rice.com",""
"SA00372418","0011000000IapwGAAR","SP00661191","ハーベスト　（PC・スマホ）","EC-CUBE","http://www.harvest-web.com",""
"SA00396133","0011000000Ial3wAAB","SP00642448","Tools web shop　EC-CUBE（PC・スマホ）","EC-CUBE","http://www.tlshp.com",""
"SA00406183","0011000000Iao4pAAB","SP00654030","ハモン・デ・クジュウ Webショップ（PC・スマホ）","EC-CUBE","http://www.hamonde.jp/",""
"SA00394512","0011000000IakZTAAZ","SP00640659","テクノジェル公式オンラインストア　EC-CUBE（PC・スマホ）","EC-CUBE","http://www.technogel.jp",""
"SA00377058","0011000000Iaj0bAAB","SP00634553","ショッピングボード（PC/スマホ/フィーチャーフォン）","EC-CUBE","http://namieamuro.shopbo.jp/",""
"SA00394574","0011000000IakaSAAR","SP00640720","My Rossa Life（PC・スマホ）","EC-CUBE","http://akate.jp/",""
"SA00393656","0011000000IakroAAB","SP00641696","ハニーマザー  EC-CUBE　（PC・スマホ）","EC-CUBE","http://www.honeymother.jp",""
"SA00410210","0011000000IakHGAAZ","SP00639430","yutori no kukan online shop by 栗原はるみ　（PC・スマホ・フィーチャーフォン）","EC-CUBE","http://shop.yutorinokukan.jp/",""
"SA00411666","0011000000IbF1PAAV","SP00678966","ヘアケア・コスメ・ウィッグ専門店　プリムム","EC－CUBE","http://www.primum.jp/",""
"SA00436743","0011000000IaorKAAR","SP00656937","和陶","EC-CUBE","http://www.watou.biz",""
"SA00431628","0011000000IanybAAB","SP00653544","株式会社糸満市物産センター","EC-CUBE","http://shop.yukura.jp",""
"SA00432037","0011000000IaoVNAAZ","SP00655676","ｅｂｉｐ エビップ　（PC・スマホ）","EC-CUBE","http://ebip.jp",""
"SA00432263","0011000000IaonXAAR","SP00656802","ライフアップオンラインショッピング（PC、モバ両方）","EC-CUBE","http://www.lifeup-co.com",""
"SA00431667","0011000000IanzTAAR","SP00653598","MARUZEN&JUNKUDO","EC-CUBE","http://www.junkudo.co.jp",""
"SA00432086","0011000000IaoW3AAJ","SP00655718","芝桜専門店 らくやのう（PC・スマホ）（PC・スマホ）","EC-CUBE","https://www.sibazakura.jp/",""
"SA00419368","0011000000IajRrAAJ","SP00636243","プリンセスネット　（PC・スマホ）","EC-CUBE","http://www.princess-net.com",""
"SA00432676","0011000000IasHfAAJ","SP00670197","http://www.anko-shop.jp","EC-cube","http://www.anko-shop.jp",""
"SA00421444","0011000000IalrOAAR","SP00645414","http://www.rakuten.co.jp/e-kagiya/","EC-CUBE","http://www.rakuten.co.jp/e-kagiya/",""
"SA00425801","0011000000Iak4eAAB","SP00638648","にんにく畑　EC-CUBE（PC・スマホ・フィーチャーフォン）","EC-CUBE","http://www.holonic.info/",""
"SA00418318","0011000000IaqMAAAZ","SP00662797","自社サイト（PC)","EC-CUBE","http://www.una-iguchi.jp",""
"SA00429233","0011000000IajvYAAR","SP00638084","On the next Girls Style","EC-CUBE","http://onegirlsstyle.jp",""
"SA00432314","0011000000IaowSAAR","SP00657355","Create A Book Ace","EC-CUBE","http://create-a-book-ace.jp/",""
"SA00437335","0011000000IapaWAAR","SP00659839","齊藤コーヒー株式会社","EC-CUBE","http://a-coco-cocono-coffee.com/",""
"SA00437453","0011000000IapgAAAR","SP00660189","希望の環公式オンラインショップ　いい直売ネット","EC-CUBE","http://www.e-chokubai.net/",""
"SA00437486","0011000000IapgqAAB","SP00660231","ISBIT　公式通販サイト　（PC・スマホ）","EC-CUBE","http://isbit.jp/",""
"SA00428267","0011000000IaoOdAAJ","SP00655258","住設ドットコム","EC-CUBE","http://jyusetu.com",""
"SA00422989","0011000000IanajAAB","SP00652169","マーシャルワールドオンラインショップ　EC-CUBE（PC・スマホ）","EC-CUBE","http://www.mwjapan.jp/",""
"SA00430854","0011000000Iamn6AAB","SP00649092","K's FLORIST","EC-CUBE","http://www.ks-florist.net",""
"SA00432378","0011000000Iap5CAAR","SP00657897","DATVshopping（PC・スマホ・フィーチャーフォン）","EC-CUBE","http://datv.jp/shopping/",""
"SA00433519","0011000000IakKhAAJ","SP00639543","有限会社ポラリスコーポレーション","EC-CUBE","http://www.nioi-zero.jp",""
"SA00430914","0011000000IamuNAAR","SP00649543","オー　デュ　ナチュール（PC、スマホ）","EC-CUBE","http://www.eau-de-nature.com",""
"SA00434041","0011000000Ial3wAAB","SP00642448","cotora monora  EC-CUBE（PC・スマホ）","EC-CUBE","http://www.cotoramonora.com",""
"SA00418009","0011000000IaqHBAAZ","SP00662488","ショップ・アクチュアリー","EC-CUBE","www.shopactuallｙ.jp",""
"SA00425062","0011000000IaiuMAAR","SP00634166","有限会社フローリストワタリ","EC-CUBE","http://nyt.ec-cube.org",""
"SA00429922","0011000000IalQRAAZ","SP00643843","エバメール化粧品WEBショップ（PC・スマホ）","EC-CUBE","http://www.evermere-shop.jp",""
"SA00430943","0011000000IamulAAB","SP00649567","シグネチャーストア　（PC・スマホ）","EC-CUBE","http://signa.jp/store/",""
"SA00433631","0011000000IakZTAAZ","SP00640659","快眠博士公式オンラインストア　EC-CUBE（PC・スマホ）","EC-CUBE","https://www.kaimin-hakase.com/",""
"SA00428488","0011000000IaodjAAB","SP00656194","クラウディアのホームページ　（PC・スマホ）","EC-CUBE","http://www.claudia.co.jp",""
"SA00423709","0011000000IaoKvAAJ","SP00655028","自社EC","EC-CUBE","https://www.umaka.co.jp/",""
"SA00431562","0011000000IanqvAAB","SP00653068","アヴァンセオンライン　（PC・スマホ）","EC-CUBE","http://avance-online.jp","https://avance-online.jp/order/index.php"
"SA00433041","0011000000IajUcAAJ","SP00636414","電気書院オンラインショッピング（PC・スマホ）","EC-CUBE","http://www.denkishoin.co.jp/",""
"SA00433709","0011000000IakaeAAB","SP00640732","株式会社ファーストページ","EC-CUBE","http://www.premori.jp",""
"SA00438245","0011000000IajNgAAJ","SP00635988","株式会社コスメティックアカデミー","EC-CUBE","http://www.cosdemy-direct.com/shop/",""
"SA00418976","0011000000Iaj0zAAB","SP00634577","jasmin　jasmin　（PC・スマホ）","EC-CUBE","http://www.jasminjasmin.com",""
"SA00426598","0011000000IalfMAAR","SP00644768","株式会社グローバルウォーター","EC-CUBE","http://www.mizuhiroba.jp/",""
"SA00438735","0011000000IakLYAAZ","SP00639800","うかいオンラインショップ（PC・スマホ）","EC-CUBE","http://www.ukai-online.com",""
"SA00439083","0011000000IakyzAAB","SP00642245","珈夢亭オンラインショップ　三喜屋珈琲株式会社","EC-CUBE","http://mikiya-coffee.com/",""
"SA00438759","0011000000IakLzAAJ","SP00639827","DearMe","EC-CUBE","http://www.dear-me.net",""
"SA00439138","0011000000Ial59AAB","SP00642527","南海部品東京通販部","EC－CUBE","http://www.hotline-web.jp/shop/",""
"SA00439189","0011000000IbYwOAAV","SP00680221","ウエットトラストジャパン公式ショッピングサイト","EC-CUBE","http://wettrust.com/",""
"SA00439216","0011000000Ibf6NAAR","SP00680242","うわじま市場","EC－CUBE","http://www.uwajima-ichiba.com",""
"SA00440921","0011000000IakdHAAR","SP00640799","casmo+","EC－CUBE","http://www.casmo.co.jp",""
"SA00440931","0011000000IcG2lAAF","SP00685181","いんくぼーや","EC-CUBE","http://www.inkbo-ya.com",""
"SA00467202","0011000000bggMiAAI","SP00735060","MAYHEM(PC、スマホ、フィーチャーフォン)","EC-CUBE","http://mayhem.jp",""
"SA00442931","0011000000LCwdTAAT","SP00690411","農業資材販売の中川商店","EC-CUBE","http://nakagawa-syouten.co.jp",""
"SA00450408","0011000000OcsXrAAJ","SP00705455","SS-TOOLS","EC-CUBE","http://www.endmill-cutter.com",""
"SA00444010","0011000000LEXiFAAX","SP00693096","DefLab","EC-CUBE","http://chillpan.com/",""
"SA00444777","0011000000LEQj2AAH","SP00693064","Style　de　ACHER","EC-CUBE","http://www.grace-fs.com",""
"SA00445048","0011000000LFKNPAA5","SP00695711","株式会社マクロスタイル","EC-CUBE","http://macrostyle.co.jp",""
"SA00445897","0011000000MLYVOAA5","SP00697188","株式会社セルート","EC-CUBE","http://www.mimoi.com",""
"SA00445952","0011000000LEVu3AAH","SP00693086","株式会社耕文社","EC-CUBE","http://www.kohbunsha.co.jp/surunavi",""
"SA00446101","0011000000Mqnt2AAB","SP00697470","株式会社ゴーフィールド","EC-CUBE","http://www.mens-powerstone.com/",""
"SA00474462","0011000000IasfSAAR","SP00671872","三豊のおいしいもの通販","EC-CUBE","http://www.mitoyofoods.com/",""
"SA00475386","0011000000qf95iAAA","SP00746946","夜明茶屋オンラインショップ　（PC・スマホ）","EC-CUBE","http://www.sagemon.com",""
"SA00479270","0011000000p0WNaAAM","SP00745449","東栄コンクリート工業（株）オンラインショップ　（PC）","EC-CUBE","http://www.toeicon.co.jp/shop/html/",""
"SA00475438","0011000000Wuku4AAB","SP00716772","POLICE ONLINE STORE（PC、スマホ、フィーチャーフォン）","EC-CUBE","http://www.policestyle.net",""
"SA00479278","0011000000tBuDAAA0","SP00750243","PDF→CADデータweb変換サービス（PC）","EC-CUBE","https://www.zumenhenkan.com",""
"SA00475468","0011000000afvlzAAA","SP00731344","シュプリームノイ　ブランドサイト（PC・スマホ）","EC-CUBE","http://www.supreme-noi.jp/",""
"SA00475473","0011000000qfo4kAAA","SP00746998","あさぎり高原食品ネットショップ　（PC・スマホ）","EC-CUBE","http://www.asagirikogen.co.jp",""
"SA00475470","0011000000WufCzAAJ","SP00716693","Light House Beauty（スマホ、フィーチャーフォン）","EC-CUBE","http://lighthousebeauty.jp/user_data/candetosp.php",""
"SA00488527","0011000000sb7ZjAAI","SP00750090","Onlineshop enovino EC-CUBE（PC・スマホ）","EC-CUBE","http://www.enovino.jp/",""
"SA00475716","0011000000qh23EAAQ","SP00747145","Gadgetr　（PC）","EC-CUBE","http://gadget.uassist.co.jp",""
"SA00475781","0011000000bguJHAAY","SP00736387","かきのクニヒロ EC-CUBE （PC・スマホ）","EC-CUBE","http://kunihiro.net",""
"SA00480792","0011000000wEIzSAAW","SP00754721","オビアスストアー　（PC）","EC-CUBE","http://obias.jp",""
"SA00518899","0015F00001FuHBHQA3","SP00831652","リラクネクス（自社サイト）　EC-CUBE（PC・スマホ）","EC-CUBE","http://www.relaxnex.com","https://www.relaxnex.com/user_data/guide.php"
"SA00476315","0011000000IasfSAAR","SP00671872","ニュアージュ","EC-CUBE","http://www.nuage5.com/",""
"SA00476344","0011000000LD4IUAA1","SP00690458","uchi soto（PC・スマホ）","EC-CUBE","http://www.caravan-shop.jp",""
"SA00476331","0011000000rDJGPAA4","SP00748444","https://genequest.jp/","EC-CUBE","https://genequest.jp/",""
"SA00484912","0011000000Ial2LAAR","SP00642349","SHOP-ESPOIR（PC・スマホ）","EC-CUBE","http://shop.ms-espoir.co.jp/",""
"SA00476375","0011000000rDgZsAAK","SP00748459","エスピー・デパート（PC、スマホ、フィーチャーフォン）","EC-CUBE","http://www.sp-de-part.com",""
"SA00476398","0011000000rDs4nAAC","SP00748469","ジンギスカン やまか　（PC）","EC-CUBE","http://jingisukan-yamaka.com",""
"SA00476419","0011000000rE8cJAAS","SP00748483","direct OAKLEY専門店（PC・スマホ）","EC-CUBE","http://ok-direct.jp",""
"SA00476485","0011000000rELYHAA4","SP00748507","モダンビューティー公式サイト（PC、スマホ）","EC-CUBE","http://www.modernbeauty.jp",""
"SA00476602","0011000000rELYRAA4","SP00748508","ニッコー公式オンラインショップ　（PC）","EC-CUBE","http://www.nikko-tabletop.jp/",""
"SA00476687","0011000000IcWUAAA3","SP00685362","日本ロイヤルガストロ倶楽部（自社）　（PC・スマホ）","EC-CUBE","http://www.aionline-japan.com",""
"SA00491650","00110000015mrFfAAI","SP00792650","はまでんホールディングス本店　（PC・スマホ）","EC-CUBE","http://hamaden-hd.sakura.ne.jp/ec/html",""
"SA00488599","00110000014bVRVAA2","SP00780900","リブラ（PC）","EC-CUBE","http://re-blast.com/",""
"SA00476791","0011000000rkjMTAAY","SP00748658","ブラックダイヤ（PC)","EC-CUBE","http://www.blackdia.info/",""
"SA00476829","0011000000rEVifAAG","SP00748515","3a-life（PC、スマホ)","EC-CUBE","http://www.3a-life.com/",""
"SA00476888","0011000000rlkkhAAA","SP00748698","株式会社MUK（PC、スマホ）","EC-CUBE","http://demain-beauty.co/",""
"SA00476947","0011000000rmJYNAA2","SP00748709","新安定型ハイドロキノンSHOP　shq1.com　（PC・スマホ）","EC-CUBE","http://shq1.com/",""
"SA00476950","0011000000rmLwwAAE","SP00748711","自社サイト（PC、スマホ）","EC-CUBE","http://www.ainet-web.com",""
"SA00476933","0011000000kpFtmAAE","SP00742915","ビーグレン販売サイト（PC・スマホ・フィーチャーフォン）","EC-CUBE","http://www.bglen.net",""
"SA00452992","0011000000StlINAAZ","SP00710129","庵月","EC-CUBE","http://angetsu.co.jp",""
"SA00442443","0011000000LCbYtAAL","SP00689109","へんぺい麺","EC-CUBE","https://www.henpeimen.com/shopping",""
"SA00400420","0011000000Iaqt5AAB","SP00664829","株式会社諏訪田製作所","EC-CUBE","http://www.suwada.co.jp",""
"SA00410904","0011000000Ib4TJAAZ","SP00676624","スリムニ","EC-CUBE","http://slimni.jp",""
"SA00411746","0011000000IbI6uAAF","SP00679003","ANIMA Love for all.","EC－CUBE","http://www.animawebshop.com",""
"SA00439303","0011000000IbkWrAAJ","SP00680339","エンシェルクラブ","EC-CUBE","http://www.angel-club.co.jp",""
"SA00440900","0011000000IarucAAB","SP00668768","VALUEON","EC-Cube","http://www.valueon.jp/",""
"SA00441068","0011000000IcQw1AAF","SP00685309","九州高原牧場本店","EC-CUBE","http://kyushu-kogen.jp/",""
"SA00442907","0011000000LCmqbAAD","SP00690382","株式会社ＳＥＥＤＩＮＧ","EC-CUBE","http://www.s-o-c-A.com",""
"SA00443054","0011000000LDEuIAAX","SP00690514","株式会社丸栃銘木センター","EC-CUBE","http://www.mokku.jpn.com",""
"SA00443056","0011000000IarucAAB","SP00668768","事務服.biz","EC-Cube","http://www.jimufuku.biz/",""
"SA00449910","0011000000Oc4E1AAJ","SP00704998","株式会社コーゼ","EC-CUBE","http://www.cucue.com",""
"SA00445769","0011000000LF0WtAAL","SP00695542","クリエイト・ア・ブック工房","EC-CUBE","http://www.create-a-book-koubou.jp",""
"SA00445768","0011000000LF92vAAD","SP00695592","JACKET HOUSE","EC-CUBE","http://www.jackethouse-car.com/",""
"SA00445824","0011000000MM2IHAA1","SP00697223","KABEYA　壁掛け.ｊｐ（PC）","EC-CUBE","http://www.kabekake.jp",""
"SA00450286","0011000000OccR2AAJ","SP00705348","株式会社ACE","EC-CUBE","http://cosme-label.jp/",""
"SA00461756","0011000000Ww40gAAB","SP00724914","海外のおみやげ.COM(PC、スマホ、フィーチャーフォン)","EC-CUBE","http://www.kaigai-omiyage.com",""
"SA00450341","0011000000IakUxAAJ","SP00640283","天然美人　本店","EC-CUBE","http://tnbj.jp/",""
"SA00411287","0011000000Ial48AAB","SP00642464","カムコラドットジェイピー","EC-CUBE","http://www.camucolla.jp",""
"SA00496643","0011000000Ssh4sAAB","SP00707524","結婚お祝い返しの本　EC-CUBE（PC・スマホ）","EC-CUBE","http://www.store-gift.com",""
"SA00469117","0011000000bhPWlAAM","SP00739028","サクシア通販サイト（PC・スマホ・モバ）","EC-CUBE","http://suxia.jp",""
"SA00464298","0011000000WuspnAAB","SP00716847","tkF　BASEMENT（PC・モバ）","EC-CUBE","http://www.tciskfactory.com/basement/",""
"SA00377706","0011000000IajNjAAJ","SP00635991","キプブラ","EC-CUBE","http://keepbra.com/",""
"SA00381458","0011000000IakdHAAR","SP00640799","casmo+","EC－CUBE","http://www.casmo.co.jp",""
"SA00379377","0011000000Iak08AAB","SP00638372","キタムラジャパン　オンラインストア","EC－CUBE","http://ohayo-kitamura.com/",""
"SA00381818","0011000000IakeDAAR","SP00641557","四季菜の市　やっぱぁ～岡垣","EC－CUBE","http://www.yappa-okagaki.jp/",""
"SA00370796","0011000000IapWFAAZ","SP00659574","famfamスコーン&ティータイム専門店","EC-CUBE","http://shop.famfam.jp",""
"SA00382363","0011000000IakyGAAR","SP00642200","re.Tree（PC・モバ）","EC-CUBE","http://www.desk-mitten.com",""
"SA00382825","0011000000Ial46AAB","SP00642462","榊原豆腐店","EC－CUBE","http://www.1028sakakibara.com",""
"SA00376767","0011000000IajCIAAZ","SP00635282","双日コスメティックスオンラインショップ　（PC・スマホ・フィーチャーフォン）","EC-CUBE","http://shop.sojitz-cosmetics.com/",""
"SA00379005","0011000000IarvEAAR","SP00668806","株式会社Bella　Pelle","EC-CUBE","http://www.bella-pelle.jp",""
"SA00382870","0011000000Ial4pAAB","SP00642507","アモイズ・ケイ","EC－CUBE","http://www.amois-k.co.jp",""
"SA00382873","0011000000Ial4sAAB","SP00642510","原コーヒー．ＮＥＴ","EC－CUBE","http://hara-coffee.net",""
"SA00383093","0011000000Ial5CAAR","SP00642530","GOOD　SMELL　CANDOLE　SHOP","EC－CUBE","http://www.good-smell.jp/",""
"SA00377240","0011000000IajDGAAZ","SP00635342","快適プラザ","EC－CUBE","http://comfort.w-plaza.net",""
"SA00379310","0011000000IajrHAAR","SP00637923","健康村","EC-CUBE","http://www.j-medix.com",""
"SA00381991","0011000000Ias0WAAR","SP00669134","アメリカンペットプロダクツ","EC-CUBE","http://www.amepe.com",""
"SA00382043","0011000000IakN6AAJ","SP00639696","KN企画 通販サイト　（PC・スマホ）","EC-CUBE","http://www.kn926.net",""
"SA00440082","0011000000IbF1tAAF","SP00678967","胡蝶蘭と薔薇の専門店　sincerely.","EC－CUBE","http://sincerely-shop.com",""
"SA00440096","0011000000Ibrg9AAB","SP00682737","株式会社ディオス","EC-CUBE","http://www.dios.co.jp/",""
"SA00440899","0011000000Ic8VsAAJ","SP00685152","Round","EC-CUBE","http://www.webstore-round.com",""
"SA00475344","0011000000oemuNAAQ","SP00745362","SECOND-WIND（PC）","EC-CUBE","http://www.second-wind.info",""
"SA00440907","0011000000IbnR4AAJ","SP00682678","にんぜん","EC-CUBE","http://ninzen.jp",""
"SA00441006","0011000000IcMWiAAN","SP00685260","芝生通販","EC-CUBE","shop.shiba-fu.com",""
"SA00441521","0011000000LC9GfAAL","SP00686598","流行グッズのコレキテル","EC-CUBE","http://www.korekiteru.net/",""
"SA00475345","0011000000qSAeuAAG","SP00746923","カラダハッピー（PC、スマホ）","EC-CUBE","http://karada-happy.jp/",""
"SA00467188","0011000000IaptFAAR","SP00661104","SOUL Japan STORE(PC、スマホ、フィーチャーフォン)","EC-CUBE","http://www.souljapan-store.jp",""
"SA00457413","0011000000UJeuIAAT","SP00716332","AMEDEIオンラインショップ(PC、スマホ)","EC-CUBE","http://amedei.jp",""
"SA00491260","00110000015FzfLAAS","SP00792579","イベントプロカフェ（PC）","EC-CUBE","http://www.eventpro-cafe.com/shop/",""
"SA00453003","0011000000Sskd5AAB","SP00707537","オムツケーキ専門店 キャンディアリス（PC・スマホ）","EC-CUBE","http://omutucake.com",""
"SA00457425","0011000000UJexyAAD","SP00716350","NEW MGC 福岡店　（PC・スマホ・フィーチャーフォン）","EC-CUBE","https://www.newmgc.com","https://www.newmgc.com/contents/guide/"
"SA00450396","0011000000OcpFXAAZ","SP00705446","株式会社ネットワークス","EC-CUBE","http://www.wigrazie.jp",""
"SA00443889","0011000000LECJUAA5","SP00692946","細野晃義写真事務所","EC-CUBE","http://www.hosonism.com/shop/",""
"SA00449888","0011000000Oc3M7AAJ","SP00704978","ギルドストア株式会社","EC-CUBE","http://guild-store.jp",""
"SA00444898","0011000000LF7dLAAT","SP00695586","株式会社ニューゲートジャパン","EC-CUBE","http://www.miracosme.com",""
"SA00449968","0011000000Oc6vQAAR","SP00705035","百果堂","EC-CUBE","http://www.momokado.jp",""
"SA00445545","0011000000LG4uEAAT","SP00697006","apres-midi　（PC・スマホ）","EC-CUBE","http://ec.apres-midi.tokyo/",""
"SA00450437","0011000000Iaq7SAAR","SP00661881","AQ　Life　Market　（PC・スマホ・フィーチャーフォン）","EC-CUBE","http://aqlife.jp",""
"SA00499647","0015F000017a5uuQAA","SP00804058","物品レンタル業（通信販売・WEB（PC・スマホ）・電話）","EC-CUBE","http://www.kasite.com",""
"SA00445844","0011000000MRhv3AAD","SP00697237","株式会濱岡商店","EC-CUBE","http://www.sakuemon.net",""
"SA00445886","0011000000LG4SxAAL","SP00697003","やましち山野草店","EC-CUBE","http://www.yamanohana.com",""
"SA00500206","0015F000017rhVyQAI","SP00804288","マユライズ公式HP（PC・スマホ）","EC-CUBE","http://lit-p.com/mayurise/",""
"SA00477072","0011000000IcWUAAA3","SP00685362","世田谷 文の菓　（PC・スマホ）","EC-CUBE","http://www.fuminoka.jp",""
"SA00477071","0011000000IcWUAAA3","SP00685362","マシュマロ電報　（PC・スマホ）","EC-CUBE","http://www.mash-denpo.com",""
"SA00477116","0011000000StCwLAAV","SP00708803","Cloche 〜クローシェ〜","EC-CUBE","http://www.cloche.biz/",""
"SA00477115","0011000000qj5n9AAA","SP00748423","ピカピカレイン","EC-CUBE","http://pikapikarain.jp/",""
"SA00477146","0011000000sYs83AAC","SP00748780","エンジェルアップ1（PC・スマホ・フィーチャーフォン）","EC-CUBE","http://g-cosme.net/product/view/angls/ujbsq",""
"SA00477148","0011000000sYs83AAC","SP00748780","マイカロリ（PC・スマホ・フィーチャーフォン）","EC-CUBE","http://g-cosme.net/product/view/mkrl/mkrllpasp",""
"SA00509918","0015F000019K2l3QAC","SP00821371","息ピュア　（PC・スマホ）","EC-CUBE","http://ikipure.jp/user_data/ikipure.php",""
"SA00477150","0011000000sYs83AAC","SP00748780","ニコストップ（PC・スマホ・フィーチャーフォン）","EC-CUBE","http://www.nicostop.jp",""
"SA00477149","0011000000sYs83AAC","SP00748780","キダチアロエニン（PC・スマホ・フィーチャーフォン）","EC-CUBE","http://aroenin.com",""
"SA00477147","0011000000sYs83AAC","SP00748780","エンジェルアップ2（PC・スマホ・フィーチャーフォン）","EC-CUBE","http://g-cosme.net/product/view/angls/p001",""
"SA00479351","0011000000vLbcNAAS","SP00751900","メガネ赤札堂オンラインショップ","EC-CUBE","http://www.megane-akafudado.jp/",""
"SA00477736","0011000000m9vp4AAA","SP00743077","アリスの英語","EC-CUBE","https://www.alice-english.com/lis/",""
"SA00477735","0011000000m9vp4AAA","SP00743077","７English-英会話フレーズ完全記憶-（PC・スマホ）","EC-CUBE","https://www.7plus-e.com/ad-lp/",""
"SA00486590","00110000013EvL0AAK","SP00775808","ニナ・ハーブス　（PC・スマホ・フィーチャーフォン）","EC-CUBE","http://nina-herbs.jp/",""
"SA00502190","0015F000017z3kOQAQ","SP00807382","鮮彩くらぶ（ＰＣ・スマホ）","EC-CUBE","http://shop.sen-sai.net",""
"SA00477787","0011000000scEqTAAU","SP00750132","EXCALIBUR（PC・スマホ・フィーチャーフォン）","EC-CUBE","http://excalibur-shop.jp",""
"SA00511302","0011000000tBuO4AAK","SP00750245","7+English（PC・スマホ）","EC-CUBE","https://7plus-eng.com/","https://7plus-eng.com/order/"
"SA00480810","0011000000vn0XEAAY","SP00754656","ゴルフクラブ激安百貨店（PC)","EC-CUBE","http://golf-gekiyasu.com",""
"SA00477801","0011000000scasnAAA","SP00750138","家具インテリア通販 ippome（PC）","EC-CUBE","http://yukonsite.com",""
"SA00477814","0011000000rFTTOAA4","SP00748584","デルソーレ・小麦ごはん","EC-CUBE","https://delsole-komugigohan.jp/shop/",""
"SA00517586","0015F00001BxKEqQAN","SP00828328","レイナ　オロ･デル･デシエルト　（PC・スマホ）","EC-CUBE","https://reinaltd.com/lp/","https://reinaltd.com/shopping/"
"SA00478041","0011000000tBuO4AAK","SP00750245","アリスの英語（PC・スマホ）","EC-CUBE","https://www.alice-english.com/lis/",""
"SA00501956","0015F000017uXRtQAM","SP00807152","super elestial　EC-CUBE（PC・スマホ）","EC-CUBE","http://super-elestial.com",""
"SA00501971","0015F000017ubINQAY","SP00807160","ディアフルラン独自サイト　（PC・スマホ）","EC-CUBE","http://islemid.jp/diafullrun/index_hourei.html",""
"SA00511961","0015F00001A74kDQAR","SP00824403","GENTIL BANDITオフィシャルオンラインストア （PC・スマホ）","EC-CUBE","http://shop.gentilbandit.com/","http://shop.gentilbandit.com/user_data/guide.php"
"SA00508425","0015F000017qXoIQAU","SP00817101","白寿の源 オンラインショップ （PC・スマホ）","EC-CUBE","http://reason-why.jp/hakuju/","http://repeat-order.com/tanoshii_seiyaku/html/order/index.php"
"SA00507720","0015F000018ixxcQAA","SP00815643","アニメイトオンラインショップ　（PC・スマホ・フィーチャーフォン）","EC-CUBE","http://www.animate-onlineshop.jp/",""
"SA00477836","0011000000tAOHVAA4","SP00750152","シルフィホワイト　（PC・スマホ）","EC-CUBE","http://www.cheers-life.com/sylphy/",""
"SA00517084","0015F00001D0h1nQAB","SP00830270","EQUL","EC-CUBE","http://equl.jp/",""
"SA00512184","0015F00001AP4ziQAD","SP00824569","おいしい産業 インターネット店（PC・スマホ）","EC-CUBE","http://oic.co.jp",""
"SA00485604","00110000011woFUAAY","SP00774388","メガネ本舗オンラインショップ  （PC・スマホ）","EC-CUBE","http://ec.meganehompo.co.jp/",""
"SA00514387","0015F00001BvHwVQAV","SP00826884","未記入","EC-CUBE","https://seikado.net",""
"SA00477904","0011000000tBEHRAA4","SP00750178","全国牧場直送便（PC)","EC-CUBE","http://www.bokujochoku.com/",""
"SA00477985","0011000000rGVD9AAO","SP00748614","ドワンゴジェイピーストア（PC・スマホ）","EC-CUBE","http://jpstore.dwango.jp",""
"SA00478015","0011000000IanpGAAR","SP00652965","アニモファミール（PC・スマホ）","EC-CUBE","http://shop.animaux-famille.jp",""
"SA00478014","0011000000IanpGAAR","SP00652965","ホワイトカルレ（PC・スマホ）","EC-CUBE","http://shop.whitecalle.jp",""
"SA00506768","0015F000018ffCXQAY","SP00814230","サプリメント，食品添加物，食品，エコ系洗剤通信販売のマルゴ（PC・スマホ）","EC-CUBE","http://www.marugo.org/",""
"SA00477944","0011000000IakobAAB","SP00641601","SHINY　PRO　SHOP　（PC・スマホ）","EC-CUBE","http://wbw.co.jp/pro/",""
"SA00482437","0011000000yfJXsAAM","SP00770705","ウメケン販売オンラインストア　（PC・スマホ）","EC-CUBE","http://umeken-h.info",""
"SA00513293","0015F00001B8ptCQAR","SP00825411","ズバットナー（PC）","EC-CUBE","http://www.zubattoner.com/",""
"SA00478040","0011000000tBuO4AAK","SP00750245","7+English（PC・スマホ）","EC-CUBE","https://7plus-e.com/ad-lp/",""
"SA00518882","0015F00001D3GmXQAV","SP00831233","職人工房　EC-CUBE （PC・スマホ）","EC-CUBE","https://sk-hanko.com","https://sk-hanko.com/user_data/payment.php"
"SA00486655","0011000000IamMfAAJ","SP00647453","手作りコスメ　プチマルシェ（ＰＣ・スマホ）","EC-CUBE","http://www.anna-t-cosme.co.jp/",""
"SA00508994","0015F0000193lV6QAI","SP00819136","KAMARQ（カマルク） （PC・スマホ）","EC-CUBE","http://kamarq.jp",""
"SA00478111","0011000000tCb0bAAC","SP00750271","Everyday　Wellness　（PC・スマホ）","EC-CUBE","http://everydaywellness.jp",""
"SA00478108","0011000000tCa0cAAC","SP00750269","めぐふる（PC・スマホ）","EC-CUBE","http://megufull.com",""
"SA00478109","0011000000tCaKEAA0","SP00750270","みどり家ECショップ　（PC・スマホ）","ＥＣ-ＣＵＢＥ","http://midoriya-foods-shop.com",""
"SA00512041","0015F00001AOjZRQA1","SP00824493","ビタトール公式オンラインショップ　（PC・スマホ）","EC-CUBE","http://vitatreal.jp/","http://vitatreal.jp/user_data/howToOrder.php"
"SA00478220","0011000000tDUAmAAO","SP00750308","almaオンラインショップ（PC・スマホ）","EC-CUBE","http://shop.alma.company/",""
"SA00478319","0011000000bfhjXAAQ","SP00733473","ナイフショップ　レプマート（PC・スマホ）","EC-CUBE","http://repmart.org",""
"SA00479990","0011000000vcPh2AAE","SP00753323","EARL　EC-CUBE（PC）","EC-CUBE","http://www.earl-select.jp",""
"SA00478320","0011000000bfhjXAAQ","SP00733473","レプマート　ハンドクラフト（PC・スマホ）","EC-CUBE","http://repmart.biz",""
"SA00498528","0011000000Iar8vAAB","SP00665811","フレッシュクリーム（PC・スマホ）","EC-CUBE","http://freshcream.jp",""
"SA00507744","0015F000018jMQSQA2","SP00815661","ギムリス公式販売サイト　（PC・スマホ）","EC-CUBE","http://gimuris.com",""
"SA00502097","0015F000017yRdnQAE","SP00807330","時計専門店Search　watch　（PC・スマホ）","EC-CUBE","http://searchwatch.net",""
"SA00508430","0015F0000191UaAQAU","SP00817104","オフィス家具通販のオフィスコム　EC-CUBE（PC・スマホ）","EC-CUBE","http://www.office-com.jp",""
"SA00509996","0015F000019K8BXQA0","SP00821421","住の森 EC-CUBE （PC・スマホ）","EC-CUBE","http://www.sumai-mori.net",""
"SA00509995","0015F000019K8BXQA0","SP00821421","生活堂 EC-CUBE （PC・スマホ）","EC-CUBE","http://www.seikatsu-do.com",""
"SA00478362","0011000000tEQeMAAW","SP00750391","キッズアパレルショップオーガニック　（PC・スマホ）","EC-CUBE","http://www.kidsapparel-organic.com",""
"SA00488692","00110000014boIgAAI","SP00780928","nunonaの布ナプキン　EC-CUBE（PC・スマホ）","EC-CUBE","http://nunona.jp",""
"SA00511009","0011000000IaraLAAR","SP00667511","Colors（PC・スマホ）","EC-CUBE","http://www.shinko-colors.co.jp/ecc/",""
"SA00478400","0011000000tz4f4AAA","SP00750409","Lu　Felice　HP（PC・スマホ）","EC-CUBE","http://lufelice.jp",""
"SA00495401","0011000000tE9duAAC","SP00750348","コスメショップライチェ EC-CUBE （PC・スマホ）","EC-CUBE","http://licha.net/ecshop/",""
"SA00509818","0015F000019JpYpQAK","SP00821311","ｅｂｉｐ エビップ　（PC・スマホ）","EC-CUBE","http://ebip.jp/","http://ebip.jp/user_data/guide.php"
"SA00478458","","","自社EC","EC-CUBE","http://www.bikengroup.co.jp/cart/",""
"SA00478517","0011000000u0MbqAAE","SP00750457","お肌マルシェ（PC・スマホ・フィーチャーフォン）","EC-CUBE","http://ohada-marche.com",""
"SA00486716","00110000013FIhhAAG","SP00775835","蓮丈工房(ろーたす工房) （PC・スマホ）","EC-CUBE","http://www.lotusweets.info/",""
"SA00511342","0015F000017rhVyQAI","SP00804288","マユライズ公式HP（PC・スマホ）","EC-CUBE","http://lit-p.com/mayurise_kan/","http://lit-p.com/mayurise_kan/"
"SA00487529","001100000148IhOAAU","SP00778294","ライトハウスビューティ（ＰＣ・スマホ・フィーチャーフォン）","EC-CUBE","http://lighthousebeauty.jp",""
"SA00495424","0015F000016UU4lQAG","SP00797664","フィントオンラインストア（ＰＣ・スマホ・モバ）","EC-CUBE","http://www.fint-shop.com",""
"SA00487559","0011000000Ias7BAAR","SP00669547","KOSKING（PC・スマホ）","EC-CUBE","http://www.cosking.info/",""
"SA00487591","001100000148e1IAAQ","SP00778323","PSSHOP（PC・スマホ）","EC-CUBE","http://psshop.jp/index.php/",""
"SA00445925","0011000000MoyCWAAZ","SP00697266","有限会社スプリングウッドカンパニー","EC-CUBE","http://www.springwood.co.jp",""
"SA00445995","0011000000MpjtmAAB","SP00697361","CoSmile","EC-CUBE","http://www.ochanokoushou.com/",""
"SA00447094","0011000000NSyFBAA1","SP00700070","株式会社ラスペース","EC-CUBE","http://laspace.biz",""
"SA00447106","0011000000IaspjAAB","SP00672309","PPN","EC-CUBE","http://theppn.jp/",""
"SA00447152","0011000000NT7fgAAD","SP00700112","アニマー湯（PC)","EC-CUBE","http://www.animaryu.net",""
"SA00447164","0011000000NT8yFAAT","SP00700119","マンゴー屋さん.com","EC-CUBE","http://www.mangoyasan.com",""
"SA00450055","0011000000OcGqEAAV","SP00705099","ぷてぃ・べるじぇ","EC-CUBE","http://www.petit-verger.com/",""
"SA00447237","0011000000NTWgWAAX","SP00700185","日本第一製薬","EC-CUBE","http://www.jp-no1.co.jp/",""
"SA00447251","0011000000NTZZ9AAP","SP00700201","合同会社Columpass","EC-CUBE","http://macitem.com/shop/html",""
"SA00447254","0011000000NTZZDAA5","SP00700205","株式会社ジェイホールディングス","EC-CUBE","http://j-style-web.jp/",""
"SA00447372","0011000000NULZ4AAP","SP00700302","医食同源ドットコム","EC-CUBE","http://www.ishokudogen.com",""
"SA00447406","0011000000NphfAAAR","SP00700333","株式会社K・M・R","EC-CUBE","http://kmr.jp/shop",""
"SA00450493","0011000000Od5ZnAAJ","SP00705494","株式会社ヒットエンドラン","EC-CUBE","http://www.ec-hitandrun.com/",""
"SA00517349","0015F00001D09GaQAJ","SP00830065","ヘンプシードオイル （スマホ）","EC-CUBE","http://wellness-glanz.com/asano-sizuku/sp/",""
"SA00447261","0011000000NTa8RAAT","SP00700210","株式会社グレビス","EC-CUBE","http://www.smaphopierce.com",""
"SA00447277","0011000000NTszpAAD","SP00700220","株式会社セレナイト","ＥＣ-ＣＵＢＥ","http://e-lapis.jp",""
"SA00447316","0011000000NTuYWAA1","SP00700226","株式会社ノニアル","EC-CUBE","http://kajukukoso.jp",""
"SA00447319","0011000000IarOVAAZ","SP00666877","舞椿ドットコム","EC-CUBE","http://www.mai-tsubaki.com/",""
"SA00450464","0011000000Od2b6AAB","SP00705484","加茂繊維株式会社　（PC)","EC-CUBE","http://www.bsfine.com",""
"SA00450468","0011000000Od2bAAAR","SP00705488","有限会社フリージュ","EC-CUBE","http://freege.co.jp/shopping",""
"SA00448112","0011000000NTXLbAAP","SP00700195","株式会社クレフ","EC-CUBE","http://www.saya-cosme.com/",""
"SA00447398","0011000000NUR7XAAX","SP00700325","株式会社フラワーショップヤマ","EC-CUBE","http://www.yama1187.com",""
"SA00447404","0011000000NphH9AAJ","SP00700331","ソーシャルコンテンツワークス株式会社","EC-CUBE","http://yamasakimarina.com",""
"SA00453046","0011000000Stq6LAAR","SP00710172","株式会社ミーティア","EC-CUBE","http://gyuttoshape.jp/shop/",""
"SA00447467","0011000000NUX9mAAH","SP00700330","株式会社ディーラーニング","EC-CUBE","http://dokugaku-dx.com",""
"SA00447497","0011000000Nqj7LAAR","SP00700390","千代田製砥株式会社","ＥＣ-ＣＵＢＥ","http://seight.jp",""
"SA00447489","0011000000NrHR6AAN","SP00700409","シーズンのオンラインショップ（確認中）","EC-CUBE","http://foods.season.ne.jp",""
"SA00447491","0011000000NrHR8AAN","SP00700411","anynext株式会社","EC-CUBE","http://www.be-create.jp",""
"SA00447521","0011000000NrgY8AAJ","SP00700435","誠華堂　（PC・スマホ）","EC-CUBE","http://www.fuji-seikado.jp",""
"SA00448123","0011000000NtBVKAA3","SP00701810","匠の牡蠣","EC-CUBE","http://www.takumikaki.com",""
"SA00447557","0011000000IarMPAAZ","SP00666647","松前さくら漁業協同組合","EC-CUBE","http://sakura-maguro.com/",""
"SA00469172","0011000000bhc2MAAQ","SP00739090","GREENTOUR　（PC・スマホ）","EC-CUBE","http://greentour.co.jp",""
"SA00450095","0011000000OcI1BAAV","SP00705130","デザガジェット(PC、スマホ)","EC-CUBE","http://dezagadget.com/",""
"SA00448186","0011000000NtJtQAAV","SP00701849","有限会社ルチインベストメント","EC-CUBE","http://eagle-publishing.net/",""
"SA00448230","0011000000NUHCYAA5","SP00700296","株式会社アールライフ","EC-CUBE","http://rlife.co.jp/",""
"SA00450116","0011000000OcNxTAAV","SP00705169","株式会社ネットワークス","EC-CUBE","http://www.wigrazie.jp",""
"SA00448647","0011000000NtDK5AAN","SP00701825","株式会社スタジオライン","EC-CUBE","http://www.agica.jp",""
"SA00498432","0015F0000171mRQQAY","SP00800221","花織オンラインショップ　(PC・スマホ)","EC-CUBE","http://kaori.life",""
"SA00448682","0011000000Oa5kQAAR","SP00703094","妻有餃子 白龍","EC-CUBE","http://gyoza-hakuryu.com",""
"SA00448783","0011000000LEycWAAT","SP00695535","有限会社トクマルプリテック","EC-CUBE","http://futo-p.com/store",""
"SA00448734","0011000000OZzFMAA1","SP00703082","株式会社マキノトレーディング","EC-CUBE","http://www.maquino.jp",""
"SA00448735","0011000000OZzFMAA1","SP00703082","株式会社マキノトレーディング","EC-CUBE","http://www.josephjoseph.jp",""
"SA00448736","0011000000OZzFMAA1","SP00703082","株式会社マキノトレーディング","EC-CUBE","http://kt.maquino.jp",""
"SA00448739","0011000000OaMYsAAN","SP00703138","株式会社アレグロマーケティング","EC-CUBE","http://www.allegro-inc.com/",""
"SA00448771","0011000000Nt2m3AAB","SP00701780","都","ＥＣ-ＣＵＢＥ","http://miyako-wk.co.jp/ec/html/",""
"SA00449188","0011000000IaqWMAAZ","SP00663420","ガーデンサイト","EC-CUBE","http://www.gardensite.biz/",""
"SA00460679","0011000000Ian02AAB","SP00649994","ジュエルプラネット　EC-CUBE（PC・スマホ）","EC-CUBE","http://jewel-planet.jp",""
"SA00449202","0011000000OagGCAAZ","SP00704395","セリュールショップ（PC・スマホ）","EC-CUBE","http://cellule-shop.jp",""
"SA00450213","0011000000OcT5zAAF","SP00705274","anynext株式会社","EC-CUBE","http://www.talecos.com",""
"SA00449214","0011000000NtChUAAV","SP00701822","ルビー・グループ 株式会社","EC-CUBE","http://esteban.co.jp",""
"SA00460680","0011000000Ian02AAB","SP00649994","ピアスプラネット　EC-CUBE（PC・スマホ）","EC-CUBE","http://pierce-planet.com",""
"SA00449380","0011000000OanZ2AAJ","SP00704532","株式会社メインストリート","EC-CUBE","http://bb-cream.jp",""
"SA00449371","0011000000OamyeAAB","SP00704519","株式会社アイプラティナ","EC-CUBE","http://iplatina.co.jp/",""
"SA00449449","0011000000NTBboAAH","SP00700126","岩塩マルシェ","EC-CUBE","http://www.rocksalt.jp/",""
"SA00449521","0011000000Ob4L8AAJ","SP00704665","BeautyDepart　（PC・スマホ・フィーチャーフォン）","EC-CUBE","http://www.beautydepart.com",""
"SA00449533","0011000000Ob4juAAB","SP00704676","IPPOME","EC-CUBE","http://www.yukonsite.com",""
"SA00449659","0011000000ObYJIAA3","SP00704789","PetitCochon","EC-CUBE","http://www.petitcochon.net",""
"SA00449785","0011000000OalctAAB","SP00704480","ナイントゥエルヴ","Ec-CUBE","http://fla2.net",""
"SA00450655","0011000000OdX15AAF","SP00705618","マニス・コスメティクス株式会社","EC-CUBE","http://www.vegetablecolor.jp",""
"SA00450696","0011000000OdbbmAAB","SP00705645","株式会社ベールネット","EC-CUBE","http://www.mycereal.jp",""
"SA00450690","0011000000OdaDDAAZ","SP00705643","ゴラッソ！","EC-CUBE","http://gol-azo.com",""
"SA00450699","0011000000OdcBnAAJ","SP00705647","有限会社 T.S.T TOKYO","EC-CUBE","http://www.winenot.jp",""
"SA00492932","0015F0000166EbOQAU","SP00794355","リコラボ通販サイト（PC）","EC-CUBE","http://www.ricolabo.jp",""
"SA00500295","0015F000017s3gTQAQ","SP00804326","検査機器通販こうたろう（PC・スマホ）","EC-CUBE","http://kootaro.com/",""
"SA00492976","0015F0000166S4dQAE","SP00794376","I.D.Clothing Heart（PC・スマホ・モバ）","EC-CUBE","http://www.idheart.net",""
"SA00492985","0015F0000166U3DQAU","SP00794382","Shisha-Lab　（PC・スマホ）","EC-CUBE","http://aa161fovmb.smartrelease.jp/joyetech/",""
"SA00496432","0015F0000170E8vQAE","SP00798449","国際サンゴ（PC・スマホ）","EC-CUBE","https://www.k-sango.com",""
"SA00513101","0015F00001B8LMLQA3","SP00825189","北琉興産オンラインショップ （PC・スマホ・モバ）","EC-CUBE","http://www.hokuryu-k.co.jp","http://www.hokuryu-k.co.jp/guide/index.php"
"SA00493070","0015F0000166qKuQAI","SP00794403","コーエィレンタルショップ　（WEB・FAX）","EC-CUBE","http://www.koei-rental.com/",""
"SA00493140","0015F000016723qQAA","SP00794428","学校用品．ｎｅｔ（PC・スマホ）","EC-CUBE","https://www.gakkouyouhin.net",""
"SA00493209","00110000014buRpAAI","SP00785499","沖縄アロエ －ホームページ（PC・スマホ）","EC－CUBE","http://www.okinawaaloe.com",""
"SA00493305","0015F000015Wk3iQAC","SP00792909","業務用調味料.ラーメンの足立商店（モバ）","EC-CUBE","http://www.adachishouten.com/mbp",""
"SA00493304","0015F000015Wk3iQAC","SP00792909","業務用調味料.ラーメンの足立商店（スマホ）","EC-CUBE","http://www.adachishouten.com/smp",""
"SA00493427","0011000000UIIp0AAH","SP00711736","ウェルネス百貨店（PC・スマホ）","EC-CUBE","http://ウェルネス百貨店.com/",""
"SA00493479","0015F0000167w9eQAA","SP00794525","ホン・モノ・ケイカク公式サイト（ＰＣ・スマホ）","EC-CUBE","http://hon-mono-keikaku.com",""
"SA00493474","0015F0000167tIBQAY","SP00794523","地のものファームオンラインショップ（PC・スマホ）","EC-CUBE","https://jinomono.net/",""
"SA00493482","0015F000015WFnRQAW","SP00792844","オココロ。（PC・スマホ）","EC-CUBE","http://www.okokoro.com/",""
"SA00511930","00110000013DleOAAS","SP00775767","レゴエデュケーション通販「SUZUMORI.online」　（PC・スマホ）","EC-CUBE","http://www.suzumori.online/",""
"SA00493581","0015F0000168kFDQAY","SP00794572","淡路ごちそう館 御食国 ネットショップ本店（PC・スマホ・モバ）","EC-CUBE","http://shop.miketsu.jp/",""
"SA00510101","0011000000IajfAAAR","SP00637068","アップル-C（PC）","EC-CUBE","http://www.upll-c.com/",""
"SA00493702","0015F0000169voCQAQ","SP00794626","竹之助（PC・スマホ）","EC-CUBE","http://takenosuke.com/shop/",""
"SA00507493","0015F000018i9HEQAY","SP00815494","WUKオンラインストア　（PC・スマホ）","EC-CUBE","http://wuk.jp","http://wuk.jp/user_data/pay.php"
"SA00511833","0015F00001A5ZZzQAN","SP00823586","EC-CUBE　（PC・スマホ）","EC-CUBE","http://aimoha.com","http://aimoha.com/user_data/shipping.php"
"SA00517348","0015F00001D09GaQAJ","SP00830065","ヘンプシードオイル （PC）","EC-CUBE","http://wellness-glanz.com/asano-sizuku/",""
"SA00512529","0015F00001957nkQAA","SP00816748","ARPASS （PC・スマホ）","EC-CUBE","https://beauty.arpass.jp/",""
"SA00450243","0011000000OcWprAAF","SP00705311","株式会社プラスワイズ","EC-CUBE","http://nakagawa-syouten.co.jp",""
"SA00449565","0011000000ObDfeAAF","SP00704707","株式会社トラストメリーカンパニー","EC-CUBE","http://roys-webstore.com/",""
"SA00449662","0011000000ObZK3AAN","SP00704790","株式会社メディアラスタライズ","EC-CUBE","http://s.galoo.jp/",""
"SA00449762","0011000000ObnCgAAJ","SP00704891","ANGELICA（PC・スマホ・フィーチャーフォン）","EC-CUBE","http://www.bikiniwax.jp/ec/",""
"SA00449777","0011000000ObnyDAAR","SP00704900","株式会社FULL COMMISSION","EC-CUBE","http://mi-light.jp",""
"SA00449776","0011000000ObnyDAAR","SP00704900","株式会社FULL COMMISSION","EC-CUBE","http://www.yukonsite.com/",""
"SA00455367","0011000000UISZfAAP","SP00715412","チュフディナチュールECストア（PC・スマホ・フィーチャーフォンフォン）","EC-CUBE","http://www.chufudi.jp",""
"SA00450569","0011000000OdJpjAAF","SP00705550","株式会社田中蒲鉾本店","EC-CUBE","http://www.tanakama.co.jp",""
"SA00453098","0011000000LFFGAAA5","SP00695632","サンシティ","EC-CUBE","http://www.sancity.jp",""
"SA00453097","0011000000OdKRdAAN","SP00705553","よねざわ農園","EC-CUBE","http://www.yonezawafarm.com/",""
"SA00450726","0011000000OdezSAAR","SP00705660","Re：Life","ＥＣ-ＣＵＢＥ","http://relife.myshop-m.com",""
"SA00467881","0011000000bgwthAAA","SP00736414","スルスルこうそ（PC・スマホ・モバイル）","EC-CUBE","http://www.surusuru.jp",""
"SA00450805","0011000000OdoKHAAZ","SP00705710","博多美人研究所","EC-CUBE","http://www.jbc.jp",""
"SA00450874","0011000000IapyGAAR","SP00661315","MTG OnlineShop","EC-CUBE","http://www.mtgec.jp/",""
"SA00450869","0011000000OdsvQAAR","SP00705904","ニューテック株式会社","EC-CUBE","http://kochoran-oiwai.com/",""
"SA00450949","0011000000SqCHZAA3","SP00705945","make room","EC-CUBE","http://www.web-makeroom.com/",""
"SA00450962","0011000000SqCIKAA3","SP00705952","河淳株式会社","EC-CUBE","http://shop-kawajun.jp",""
"SA00453112","0011000000SuAK6AAN","SP00710219","素敵なご褒美","EC-CUBE","http://sutekinagohoubi.com",""
"SA00498440","0015F000016QlZbQAK","SP00794637","FANTAS（PC・スマホ）","EC-CUBE","http://www.netkagu.jp/",""
"SA00451576","0011000000SrAhbAAF","SP00707373","＆","EC-CUBE","http://and-furniture.net",""
"SA00451577","0011000000SrAhcAAF","SP00707374","MICOAMERI　ONLINE　（PC・スマホ）","EC-CUBE","http://micoameri.jp/","https://micoameri.jp/order/?from=footer"
"SA00451565","0011000000Sr9sDAAR","SP00707363","シンコー・インターナショナル","EC-CUBE","http://caranome.com",""
"SA00451588","0011000000SrBkIAAV","SP00707381","イー楽器ドットコム(PC、スマホ)","EC-CUBE","http://www.egakki.com/",""
"SA00451621","0011000000SrHQqAAN","SP00707411","TOTAL×BEARING","EC-CUBE","http://www.total-kog.com/",""
"SA00451742","0011000000Sro40AAB","SP00707477","Girly Select","EC-CUBE","http://www.girly-select.com/",""
"SA00451749","0011000000SroZlAAJ","SP00707481","株式会社カスタマ","EC-CUBE","http://www.majopla.jp",""
"SA00454029","0011000000UHb8kAAD","SP00711703","すまいる直送便","EC-CUBE","http://sumachoku.jp/",""
"SA00451759","0011000000SrpvWAAR","SP00707484","中古物流機器．com","EC-CUBE","http://www.chuko-matehan.com/",""
"SA00451778","0011000000SrqrLAAR","SP00707493","Celebs Green Juice","EC-CUBE","http://celeb-gj.com/",""
"SA00451815","0011000000SsfjuAAB","SP00707513","Peach","EC-CUBE","http://p-ch.co.jp",""
"SA00454068","0011000000UI0lBAAT","SP00711717","美脚自慢","EC-CUBE","http://bikyaku-ziman.com/shop",""
"SA00451829","0011000000Ssh4sAAB","SP00707524","アンティナ　ギフトスタジオ　EC-CUBE（PC・スマホ）","EC-CUBE","https://antina.jp/",""
"SA00460714","0011000000WvebkAAB","SP00723202","STORIA　ジャパン　（PC）","EC-CUBE","http://www.storia-jp.com/lp-product01-01/",""
"SA00453166","0011000000UGmWZAA1","SP00710242","Signum","EC-CUBE","signumfirenze.jp",""
"SA00512521","0015F00001B6PFmQAN","SP00824810","Laveau（PC・スマホ・フィーチャーフォン）","EC-CUBE","http://www.laveau.jp",""
"SA00451814","0011000000SsfirAAB","SP00707512","株式会社ブルドッグ","EC-CUBE","http://rodeo-punch.com",""
"SA00454067","0011000000UI0jUAAT","SP00711716","快臭リフレ","EC-CUBE","http://kaishu-refre.com/shop",""
"SA00454070","0011000000UI0msAAD","SP00711718","ラ・ビュー","EC-CUBE","http://love-quartz.jp/shop",""
"SA00457529","0011000000UJl8AAAT","SP00716412","イワタニi-COLLECT","EC-CUBE","http://www.iwatani-i-collect.com",""
"SA00451911","0011000000SqFH9AAN","SP00706021","グランドサン株式会社","EC-CUBE","http://grand-sun.co.jp",""
"SA00452367","0011000000St8ZpAAJ","SP00708801","有限会社エヌ・シー・シー","EC-CUBE","http://www.livlax.jp",""
"SA00452387","0011000000StDRLAA3","SP00708811","sound PRESS","EC-CUBE","http://www.sound-press.jp/",""
"SA00452388","0011000000StDRLAA3","SP00708811","印刷通販 プリンパッ！","EC-CUBE","http://www.prinpa.net/",""
"SA00452441","0011000000StLYIAA3","SP00708838","Sky Trail","EC-CUBE","http://skytrail.jp",""
"SA00452488","0011000000StPjoAAF","SP00708867","エクストリーム　（PC・スマホ）","EC-CUBE","http://x-tream.jp",""
"SA00460973","0011000000WviOMAAZ","SP00723472","Ｎａｂｅ　Store　（PC・スマホ・フィーチャーフォン）","EC-CUBE","http://www.nabestore.com",""
"SA00452564","0011000000StbmFAAR","SP00708913","株式会社カリフォルニア・ファンシーEggコーポレーション","EC-CUBE","http://few-lesson.com",""
"SA00452605","0011000000IammaAAB","SP00649060","オリエンタルバイオ","EC-CUBE","http://www.orientalbio.co.jp",""
"SA00453315","0011000000NsQt9AAF","SP00700510","株式会社AOKI","EC-CUBE","http://www.aoki-style.com/",""
"SA00457786","0011000000UJsLzAAL","SP00716561","マツヤクSHOP　EC-CUBE（PC・スマホ）","EC-CUBE","http://shop.matsuo-yakuhin.co.jp/",""
"SA00454242","0011000000UIP1oAAH","SP00711810","中山商店","ＥＣ-ＣＵＢＥ","http://www.nakayamashouten.com",""
"SA00472640","0011000000mBQD1AAO","SP00743176","ふるさと産直村（PC、スマホ）","EC-CUBE","http://tuuhan.co.jp",""
"SA00453454","0011000000UHB4DAAX","SP00710433","rere","EC-CUBE","http://rere.co.jp/",""
"SA00453467","0011000000UHCpHAAX","SP00710438","JDA SHOPPING","EC-CUBE","http://jdaclub.jp/jdashop/",""
"SA00453482","0011000000UHHP6AAP","SP00710446","グレース企画　EC-CUBE（PC・スマホ）","EC-CUBE","http://www.graceplanning.net/",""
"SA00453483","0011000000UHHP6AAP","SP00710446","撮影機材専門店 MEIKA　EC-CUBE（PC・スマホ・フィーチャーフォン）","EC-CUBE","http://www.meika-art.jp/",""
"SA00464165","0011000000Wwk1IAAR","SP00731262","美食市　（ＰＣ・スマホ）","ＥＣ-ＣＵＢＥ","http://www.bishoku-ichi.jp/",""
"SA00487590","001100000148dtEAAQ","SP00778322","RAD MARKET By BLACK MORAL(PC)","EC-CUBE","http://rad-blackmoral.com/",""
"SA00480751","0011000000wDcI2AAK","SP00754704","ペットシア（PC・スマホ）","EC-CUBE","http://petsia.net",""
"SA00454191","0011000000UIMYLAA5","SP00711778","腕時計広場","EC-CUBE","http://www.watch-tokyo.com",""
"SA00457925","0011000000WuggpAAB","SP00716715","バレーボールチャンネル（PC、モバ）","EC-CUBE","http://volleyball-ch.tv/",""
"SA00455606","0011000000UJ5tZAAT","SP00715503","完熟農園大桃屋　（PC、スマホ）","EC-CUBE","http://www.daitouya.com",""
"SA00455653","0011000000UJ6akAAD","SP00715513","KESHIKIFORKIDS　（PC・スマホ・フィーチャーフォン）","EC-CUBE","http://www.keshikiforkids.com/",""
"SA00455725","0011000000UJAUDAA5","SP00715552","BLOC","EC-CUBE","https://store.blocclothing.com",""
"SA00457261","0011000000UJcXrAAL","SP00716249","ひゃくしょう塾(PC・モバ）","EC-CUBE","https://www.hyakushojuku.com",""
"SA00456543","0011000000UJIO8AAP","SP00715940","メディプラスネット（PC）","EC-CUBE","http://www.mediplus-net.com/",""
"SA00456548","0011000000UJIOAAA5","SP00715942","会津夢の郷（PC・スマホ）","EC-CUBE","http://www.greenserv.co.jp",""
"SA00457270","0011000000UJcZuAAL","SP00716257","無双蔵オンラインショップ　（PC・モバ）","EC-CUBE","http://www.kura-musou.net",""
"SA00461634","0011000000WvuXmAAJ","SP00724847","ユニフォームネット．コム　EC-CUBE（PC・スマホ）","EC-CUBE","http://www.uniform-net.com/",""
"SA00461620","0011000000UJYJfAAP","SP00716207","文具店TAG本店（PC・フィーチャーフォン）","EC-CUBE","http://www.takedajimuki.co.jp/",""
"SA00461625","0011000000Ob4kTAAR","SP00704681","鹿児島餃子　珊瑚亭(PC、スマホ)","EC-CUBE","http://www.35tei.com",""
"SA00460466","0011000000WvHwbAAF","SP00723042","細足美人","EC-CUBE","http://saisoku-bizin.com",""
"SA00456795","0011000000UJOemAAH","SP00716042","パニープロブレム","EC-CUBE","http://panyprobleme.com",""
"SA00464577","0011000000OdEnDAAV","SP00705538","オー　デュ　ナチュール　（PC・スマホ）","EC-CUBE","http://www.eau-de-nature.com",""
"SA00461362","0011000000UJIMxAAP","SP00715917","D　COLLECTION．　（PC・スマホ・フィーチャーフォン）","EC-CUBE","http://clubd.co.jp",""
"SA00457038","0011000000UJUf0AAH","SP00716161","アールスタイルストア　EC-CUBE（PC・モバ）","EC-CUBE","http://store.rstyle1.co.jp/",""
"SA00457040","0011000000UJUf2AAH","SP00716163","名産和歌山どっとこむ（PC）","EC-CUBE","http://meisan-wakayama.com",""
"SA00457044","0011000000UJUf5AAH","SP00716166","健康食品ハーブティ通販オンラインショップサフラン(PC、モバ両方)","EC-CUBE","http://www.saffron-shop.net/",""
"SA00457090","0011000000UJW0DAAX","SP00716186","phocase　EC-CUBE","EC-CUBE","http://phocase.jp",""
"SA00461408","0011000000WvnPLAAZ","SP00724703","ズバットナー（EC-CUBE）　（PC・スマホ）","EC-CUBE","http://www.zubattoner.com",""
"SA00460523","0011000000WvRPbAAN","SP00723090","EXCALIBUR　ECサイト（PC・スマホ・フィーチャーフォン）","EC-CUBE","http://excalibur-shop.jp",""
"SA00461743","0011000000Ww3W8AAJ","SP00724911","やぶらぶウォーカー　（PC・スマホ・フィーチャーフォン）","EC-CUBE","http://www.yabulovewalker.com",""
"SA00460545","0011000000WvS6AAAV","SP00723104","GirlyTypeガーリー・タイプ　（PC・スマホ）","EC-CUBE","http://girlytype.rash.jp",""
"SA00461508","0011000000WvoA0AAJ","SP00724791","プレシャス(PC・スマホ)","EC-CUBE","http://www.precious-contact.com/",""
"SA00460562","0011000000IapxoAAB","SP00661283","ミキモール　（PC・スマホ）","EC-CUBE","http://www.mikimall.jp/",""
"SA00513265","0015F00001B8nWVQAZ","SP00825380","iqumore（イクモア）　（PC・スマホ）","EC-CUBE","http://iqumore.com/",""
"SA00511276","0015F000018fPYNQA2","SP00812959","ココマチギフト （ＰＣ・スマホ）","EC-CUBE","https://coco-machi.jp/gift/","https://coco-machi.jp/gift/help/guide"
"SA00482038","0011000000IatkbAAB","SP00675826","Moon:day(PC・スマホ）","EC-CUBE","http://www.moonday.org/",""
"SA00482035","0011000000xnPB7AAM","SP00760172","ベン・ワークウェア（PC・スマホ）","EC-CUBE","http://www.venwork.com",""
"SA00482037","0011000000IatkbAAB","SP00675826","YUTORI(ユトリ)（PC・スマホ）","EC-CUBE","http://www.yukonsite.com/",""
"SA00481326","0011000000qz7U9AAI","SP00756054","ソランシア（PC・スマホ）","EC-CUBE","http://www.soransia.com/user_data/soransia.php",""
"SA00481327","0011000000qz7U9AAI","SP00756054","キラリエ（PC・スマホ）","EC-CUBE","http://www.kirarie.com/user_data/kirarie.php",""
"SA00482048","0011000000xnR8eAAE","SP00760179","お米通販　献上多古米販売　ヨロズヤ米穀店（PC・スマホ）","EC-CUBE","http://ec.yorozuya-beikoku.com",""
"SA00481345","0011000000wGiB6AAK","SP00756067","自社EC","EC-CUBE","http://www.xec.jp",""
"SA00463796","0011000000WwKY8AAN","SP00731016","BLESHオンラインショップ(PC、スマホ)","EC-CUBE","http://www.blesh.jp",""
"SA00457298","0011000000IakodAAB","SP00641603","DEPARTMENT(PC、モバどちらも)","EC-CUBE","http://dept.mx",""
"SA00484841","00110000010GI3eAAG","SP00773925","ReGeNe　E-STORE　（PC・スマホ）","EC-CUBE","http://re-gene.jp/ec",""
"SA00461440","0011000000Wvnj4AAB","SP00724737","ステラおばさんのクッキー　オンラインストア（PC・スマホ・フィーチャーフォン）","EC-CUBE","http://www.auntstella.co.jp/shop/",""
"SA00461469","0011000000WvnjiAAB","SP00724772","ステレオサウンドストア（PC・スマホ・モバイル）","EC-CUBE","http://store.stereosound.co.jp",""
"SA00457210","0011000000UJZPBAA5","SP00716218","おいもオールスターズ","EC-CUBE","http://www.oimoallstars.com",""
"SA00458049","0011000000UJYbzAAH","SP00716210","j9 ONLINE STORE(PC・モバ）","EC-CUBE","http://j9-onlinestore.com/",""
"SA00461748","0011000000OcIaNAAV","SP00705133","自社ショップ（PC）","EC-CUBE","http://www.muraokafarm.com/",""
"SA00458079","0011000000IbesOAAR","SP00680239","介護用品百貨店（PC）","EC-CUBE","http://store.ansinkaigo.jp/",""
"SA00458070","0011000000WunPOAAZ","SP00716803","cafetea.ｊｐ　（PC・モバ）","EC-CUBE","http://cafetea.jp",""
"SA00460597","0011000000WvY60AAF","SP00723129","写真ケーキの洋菓子のミロ　（PC・スマホ）","EC-CUBE","http://www.shashin-cake.com",""
"SA00460602","0011000000WvY6KAAV","SP00723134","ベジタブルカラー（PC・スマホ）","EC-CUBE","http://www.vegetablecolor.jp",""
"SA00464177","0011000000WwaJcAAJ","SP00731188","HAKATA kometo (PC・スマホ・フィーチャーフォン）","EC-CUBE","http://www.kometo.net",""
"SA00460614","0011000000WvYFnAAN","SP00723141","フエルモール　（PC・モバ）","EC-CUBE","http://www.fueru-mall.jp",""
"SA00458180","0011000000WushUAAR","SP00716845","Vi-move　（PC）","EC-CUBE","http://www.vi-move.jp",""
"SA00461540","0011000000MqoJQAAZ","SP00697494","健康館 （PC・スマホ）","EC-CUBE","http://www.kenkokan.co.jp/",""
"SA00461536","0011000000WcDPPAA3","SP00724804","【芸能人多数ご愛用】プラセンタ　（PC・スマホ・フィーチャーフォン）","EC-CUBE","http://growthtokyo.info",""
"SA00458209","0011000000Wuu67AAB","SP00716853","椿宗善(PC、モバ両方)","EC-CUBE","http://tsubakisozen.co.jp/",""
"SA00458234","0011000000Wuv9wAAB","SP00716863","有限会社長崎まちづくり屋　（ＰＣ・スマホ）","ＥＣ-ＣＵＢＥ","http://nagasaki-necktie.com",""
"SA00460635","0011000000IamoxAAB","SP00649207","ナチュラルショップ　（PC）","EC-CUBE","http://tokyobbc.com",""
"SA00462128","0011000000Ww5jsAAB","SP00726115","ジモティ　（PC・スマホ）","EC-CUBE","http://www.jimotee.jp",""
"SA00461570","0011000000Wvs2hAAB","SP00724823","宮崎県名産品専門店「みやざき直伝」　（ＰＣ）","ＥＣ-ＣＵＢＥ","http://www.m-jikiden.co.jp",""
"SA00458274","0011000000Wux1dAAB","SP00716885","DAZZSHOP(PC、モバ、スマホ)","EC-CUBE","http://dazzshop.jp/",""
"SA00458302","0011000000WuxxhAAB","SP00716896","BULK HOMME　ONLINE　STORE（PC・スマホ）","EC-CUBE","http://bulk.co.jp",""
"SA00458297","0011000000WuwHFAAZ","SP00716876","トレンドビューティー　（ＰＣ・スマホ・フィーチャーホン）","ＥＣ-ＣＵＢＥ","http://trend-b.jp/",""
"SA00458365","0011000000Wv29QAAR","SP00716932","ofclay store  （PC・スマホ・フィーチャーフォン","EC-CUBE","http://www.ofclay.jp",""
"SA00458744","0011000000Wv4wuAAB","SP00718135","美road(PC、スマホ)","EC-CUBE","http://www.biroad.net",""
"SA00464815","0011000000OdOIUAA3","SP00705565","四季彩ネット通販　（PC・スマホ）","EC-CUBE","http://www.shikisai-jpn.com/",""
"SA00458788","0011000000Wv6YRAAZ","SP00718155","re.Tree(PC,スマホ)","EC-CUBE","http://www.re-tree.jp/",""
"SA00464191","0011000000Wwm8vAAB","SP00731276","エイジレスファクトリー 公式通販（PC・スマホ）","EC-CUBE","http://www.agelessfactory.com/",""
"SA00464198","0011000000WwmSOAAZ","SP00731282","ショップキューブ　（PC・スマホ）","EC-CUBE","http://shop-cube.jp",""
"SA00480067","0011000000vkRAsAAM","SP00753360","やまだ屋オンラインショップ（PC・スマホ）","EC-CUBE","http://momiji-yamadaya.co.jp/",""
"SA00458807","0011000000Wv86fAAB","SP00718165","トータルヘルスサポート　（PC）","EC-CUBE","http://www.total-health-support.co.jp/index.php",""
"SA00462921","0011000000WwCC6AAN","SP00728544","耳つぼジュエリー専門ショップLufra(PC、スマホ)","EC-CUBE","http://shop.b-r-lufra.com",""
"SA00462939","0011000000Oaj0nAAB","SP00704412","レディースライフ研究所ECサイト(PC、スマホ)","EC-CUBE","http://prelia.jp",""
"SA00472691","0011000000mBuprAAC","SP00743193","春帆楼　（ＰＣ・スマホ）","EC-CUBE","http://shunpanro.com",""
"SA00464051","0011000000IajM9AAJ","SP00635893","バナースタンド研究所　（ＰＣ）","ＥＣ-ＣＵＢＥ","http://www.bannerstand-labo-sw.com",""
"SA00463882","0011000000WwNHFAA3","SP00731070","イロヴェ　（PC・スマホ・フィーチャーフォン）","EC-CUBE","http://ilove-u.jp",""
"SA00463973","0011000000WwVdeAAF","SP00731125","クリックオンケーキ(PC、スマホ)","EC-CUBE","http://www.clickoncake.com",""
"SA00464076","0011000000WwclRAAR","SP00731205","MSTORE(PC)","EC-CUBE","http://www.mstore.co.jp",""
"SA00464073","0011000000WwclRAAR","SP00731205","韓国再発見（PC）","EC-CUBE","http://www.k-image.net/",""
"SA00512751","0015F00001APbv7QAD","SP00824649","EHB （PC・スマホ）","EC-CUBE","https://ehb.jp",""
"SA00481411","0011000000wcm1qAAA","SP00756110","ベースボールパワー（PC・スマホ・フィーチャーフォン）","EC-CUBE","http://baseball-power.info",""
"SA00494051","00110000014btJkAAI","SP00781174","自社","EC-CUBE","http://kk-sugiyama.co.jp/?transactionid=fecf879d39e80ca22ccf0cfa04c390cc487f8cf4 セクションを非表示 - システム情報システム情報",""
"SA00481509","0011000000wdVrpAAE","SP00756166","ラフィーシャンプー公式通販サイト　（PC・スマホ）","EC-CUBE","http://www.raffi-hair.com",""
"SA00518727","0015F00001FLet2QAD","SP00831518","リズプラベール（PC・スマホ）","EC-CUBE","http://rizpravail.jp/","http://rizpravail.jp/user_data/tokutei.php"
"SA00481644","0011000000IamcFAAR","SP00648419","自社EC","EC-CUBE","http://www.rokkosanbokujyo.com/",""
"SA00481669","0011000000IasfSAAR","SP00671872","Raytune（PC・スマホ）","EC-CUBE","http://www.raytune.com/",""
"SA00484983","00110000011ts5IAAQ","SP00773978","ラプラス（PC・スマホ）","EC-CUBE","http://laplus.blue",""
"SA00514227","0015F00001BujjcQAB","SP00826794","りんご侍　（PC・スマホ）","EC-CUBE","http://ringo-samurai.com","http://ringo-samurai.com/order/"
"SA00489569","00110000014cU4iAAE","SP00788816","アロームアンオンラインショップ（PC・スマホ）","EC-CUBE","http://aromeune-online.com/",""
"SA00519385","0011000000IaoW3AAJ","SP00655718","人工芝専門店 らくやのう（PC・スマホ）","EC-CUBE","https://xn--gmqr38axqrzkm.jp/",""
"SA00508788","0015F000018hIORQA2","SP00815320","デコライト　ギフトショップ　EC-CUBE（PC・スマホ）","EC-CUBE","http://www.decolight.jp",""
"SA00483317","0011000000vM0haAAC","SP00751914","アマラン公式オンラインショップ　（PC・スマホ）","EC-CUBE","http://www.amaran.co.jp",""
"SA00481837","0011000000xDS3zAAG","SP00758011","cinofilo（PC）","EC-CUBE","http://www.caffecinofilo.jp/",""
"SA00513481","0015F00001B9MuXQAV","SP00825535","ブランド和牛の百貨店　肉贈 （PC・スマホ）","EC-CUBE","http://nikuzou.jp/","http://nikuzou.jp/order/"
"SA00513478","0015F00001B9MDWQA3","SP00825534","公式ホームページ（PC・スマホ）","EC-CUBE","http://lit-p.com/asulong_t1/","http://lit-p.com/asulong_t1/"
"SA00511455","0015F000017u24BQAQ","SP00807013","千年こうじや オンラインショップ （PC・スマホ）","EC-CUBE","http://shop.sennen-koujiya.jp/",""
"SA00519383","0011000000IaoW3AAJ","SP00655718","芝生専門店 らくやのう（PC・スマホ）","EC-CUBE","https://www.sibafu.jp/",""
"SA00519384","0011000000IaoW3AAJ","SP00655718","ウッドチップ専門店 らくやのう（PC・スマホ）","EC-CUBE","https://xn--gckucfb2a0g.jp/",""
"SA00482096","0011000000xnkBGAAY","SP00761195","ナチュラルアイテム（PC・スマホ）","EC-CUBE","http://www.natural-item.com",""
"SA00514794","0015F00001BwOlIQAV","SP00827143","BLANTE　（PC・スマホ）","EC-CUBE","http://blante.jp/user_data/blante02.php","http://blante.jp/user_data/faq.php"
"SA00482143","0011000000xooeAAAQ","SP00763241","エリムズマイル（PC/スマホ）","EC-CUBE","http://elimsmile.jp",""
"SA00489593","00110000014cmRBAAY","SP00788827","伊織ネットショップ（ＰＣ・スマホ）","EC-CUBE","http://www.i-ori.jp",""
"SA00482158","0011000000xopMEAAY","SP00763249","スタイルーム　（PC・スマホ）","EC-CUBE","http://styroom.com/",""
"SA00482153","0011000000xopGyAAI","SP00763248","ショップキューブ　（PC・スマホ）","EC-CUBE","http://shop-cube.jp",""
"SA00482166","0011000000Iasm6AAB","SP00672084","フローフシストア（PC・スマホ）","EC-CUBE","http://flowfushi-store.jp/",""
"SA00482167","0011000000Iasm6AAB","SP00672084","フローフシストア（PC・スマホ）","EC-CUBE","https://flowfushi-store.jp/",""
"SA00464313","0011000000Wx3LsAAJ","SP00731329","Health-America.net（PC・モバ）","EC-CUBE","http://www.health-america.net/shop/",""
"SA00464662","0011000000ax1ntAAA","SP00731597","チルクロ　（PC・スマホ）","EC-CUBE","http://chilclo.com/",""
"SA00462963","0011000000WwEA3AAN","SP00728578","伊織（PC、スマホ）","EC-CUBE","https://www.i-ori.jp",""
"SA00507379","0011000000IapwGAAR","SP00661191","Girl's Helper（ＰＣ・スマホ）","EC-CUBE","https://girlshelper.com/",""
"SA00465276","0011000000axN5vAAE","SP00732950","自社サイト（PC）","EC-CUBE","http://www.innatus-avanzare.com",""
"SA00495155","0011000000IaozjAAB","SP00657558","ふとん王国本店 EC-CUBE （PC・スマホ・フィーチャーフォン）","EC-CUBE","http://www.futon-kingdom.com",""
"SA00464327","0011000000Wx3Z2AAJ","SP00731335","Ｃ・Ｍ・Ａ　（ＰＣ・スマホ・フィーチャーフォン）","ＥＣ-ＣＵＢＥ","http://bashico.com",""
"SA00464328","0011000000Wx3Z2AAJ","SP00731335","ＡＥＧＩＳ ＯＮ ＷＥＢ　（ＰＣ・スマホ・フィーチャーフォン）","ＥＣ-ＣＵＢＥ","http://エージス.com",""
"SA00464332","0011000000LEY3EAAX","SP00693097","MEGALASH株式会社","EC-CUBE","http://megalash.jp",""
"SA00472731","0011000000o1S2wAAE","SP00743207","瑠璃薬局（PC、スマホ）","EC-CUBE","http://shop.ruri-yakkyoku.jp",""
"SA00464839","0011000000axJhiAAE","SP00731701","ふるさと21　（PC・スマホ）","EC-CUBE","http://www.fsec.jp",""
"SA00464400","0011000000awo6GAAQ","SP00731368","コステカ　（PC・スマホ・フィーチャーフォン）","EC-CUBE","http://costeka.com/",""
"SA00464415","0011000000awpfDAAQ","SP00731376","(株)れんげ・カンパニー-サイト(PC)","EC-CUBE","http://0120578025.com",""
"SA00464532","0011000000Wuf4aAAB","SP00716625","Ｖｉｒｇｉｎ Ｍｅｄｉｃａｌ　（ＰＣ・スマホ）","EC-CUBE","http://www.virgin-medical.com/",""
"SA00464616","0011000000aww7KAAQ","SP00731515","frem　（PC・スマホ）","EC-CUBE","http://frem.jp",""
"SA00464698","0011000000ax33YAAQ","SP00731624","アイカラット（PC・スマホ・フィーチャーフォン）","EC-CUBE","http://eye-carat.com",""
"SA00464703","0011000000ax3CRAAY","SP00731628","オッティモ(PC)","EC-CUBE","http://www.bunchodo.com",""
"SA00464856","0011000000axKelAAE","SP00731713","emippu(PC、スマホ)","EC-CUBE","http://www.flower-emippu.jp",""
"SA00465298","0011000000bdeKbAAI","SP00732972","ＢＩＳＨＯ　ＹＡＫＵＺＥＮ　（ＰＣ）","ＥＣ-ＣＵＢＥ","http://b-yakuzen.com/",""
"SA00465303","0011000000bdeKgAAI","SP00732977","SuperHanko","EC-CUBE","http://www.superhanko.com/",""
"SA00465304","0011000000bdeKgAAI","SP00732977","INKANS","EC-CUBE","http://www.inkans.com/",""
"SA00465332","0011000000OdOIUAA3","SP00705565","四季彩ネット通販　（フィーチャーフォン）","EC-CUBE","http://www.shikisai-jpn.com/mobile",""
"SA00465613","0011000000bdnoHAAQ","SP00733171","My Rossa Life web　（PC・スマホ）","EC-CUBE","http://www.akaitecho.jp",""
"SA00515289","0015F00001BvoTbQAJ","SP00826980","adamsJUGGLER （PC・スマホ）","EC-CUBE","http://adamsjuggler.com","http://adamsjuggler.com/user_data/guide.php"
"SA00465799","0011000000UJDnJAAX","SP00715562","愛肌ミルクトリートメントEC-CUBE","EC-CUBE","http://aihada.jp/milk/shop/",""
"SA00496454","0011000000IaoOdAAJ","SP00655258","ReformNext（PC）","EC-CUBE","http://reform-next.net/",""
"SA00494027","00110000015HIOSAA4","SP00792646","ヘンプキッチン　（PC・スマホ・フィーチャーフォン）","EC-CUBE","http://www.hempkitchen.jp/index.html",""
"SA00498395","0015F0000171fndQAA","SP00800209","～日本のてっぺん～最北明田（PC・スマホ）","EC-CUBE","http://www.aketa.jp/",""
"SA00498408","0015F0000171hOrQAI","SP00800213","ミキモール　（PC・スマホ）","EC-CUBE","https://www.mikimall.jp",""
"SA00494873","0011000000u16REAAY","SP00750487","エルツ・インターナショナル（自社サイト）　（PC・スマホ・フィーチャーフォン）","EC-CUBE","http://www.elts-itl.com/shopping",""
"SA00498409","0015F0000171hUmQAI","SP00800214","ジーモール　（PC・スマホ）","EC-CUBE","https://www.hokkaido-quality.jp",""
"SA00498410","0011000000IaoOdAAJ","SP00655258","Prefo　～住まいのプチリフォーム～","EC-CUBE","http://prefo.net/",""
"SA00495299","0015F000016TenWQAS","SP00797612","ビューティーグラッド（PC・スマホ・モバ）","EC-CUBE","https://beauty-glad.jp",""
"SA00516064","0015F00001ByOQjQAN","SP00828821","レスプロンド","EC-CUBE","http://resplend.jp/eyepudding/se/",""
"SA00499805","0015F0000171JYrQAM","SP00798539","（株）Teams 楽農や　（PC・スマホ）","EC-CUBE","http://rakunouya-teams.com/shop",""
"SA00499872","0015F0000171JTrQAM","SP00798538","cozywave（PC・スマホ）","EC-CUBE","http://cozywave.co.jp/ec/",""
"SA00499866","0015F000017bBnhQAE","SP00804138","G-cosme　（PC・スマホ）","EC-CUBE","http://g-cosme.net",""
"SA00482248","0011000000yIeQgAAK","SP00769589","お得だNET店（PC・スマホ）","EC-CUBE","http://www.otsuki.ne.jp",""
"SA00512704","0015F00001B6xAnQAJ","SP00824918","自社サイト （PC）","EC-CUBE","http://bianca-f.com/afsnysy/",""
"SA00491320","0011000000IatJEAAZ","SP00674134","わかさ夢通販サイト（PC・スマホ）","EC-CUBE","https://www.wks.jp/shop/",""
"SA00482326","0011000000xnkBDAAY","SP00761192","グリーンパラダイス（PC・スマホ）","EC-CUBE","http://guripara.com/",""
"SA00482461","0011000000yfglAAAQ","SP00770814","VONDO　（PC）","EC-CUBE","http://www.vondo.jp",""
"SA00489648","00110000014dDAJAA2","SP00788841","アイメディアWEBショップ　（PC・スマホ）","EC-CUBE","https://www.aimedia.co.jp/shop/",""
"SA00510044","0015F0000171kV7QAI","SP00800218","Vithmic Online　（PC・スマホ・フィーチャーフォン）","EC-CUBE","http://vithmic-online.jp",""
"SA00484985","0011000000NqfqUAAR","SP00700383","ショップビジョン　（PC・スマホ）","EC-CUBE","http://www.shopvision.jp",""
"SA00482954","0011000000WvAAnAAN","SP00718194","OMEGA200（PC・スマホ）","EC-CUBE","http://omega200.perma.jp",""
"SA00482961","0011000000yhMFYAA2","SP00772051","ネオシルク化粧品　（PC）","EC-CUBE","http://www.neosilk.jp",""
"SA00490761","00110000014dMSgAAM","SP00792458","仕出し割烹しげよし　（PC）","EC-CUBE","http://www.shige44.jp/",""
"SA00490768","0011000000IakxfAAB","SP00642163","ガールズヘルパー（PC）","EC-CUBE","http://girlshelper.com/",""
"SA00499928","0015F000017bvRvQAI","SP00804186","ナステント サイト　EC-CUBE（PC・スマホ）","EC-CUBE","http://nastent.sevendreamers.com",""
"SA00495462","0015F000016UefIQAS","SP00797680","CHEDEL　（PC・スマホ）","EC-CUBE","http://chedel.jp/",""
"SA00483050","0011000000IarQVAAZ","SP00666801","MC珈琲（PC・スマホ）","EC-CUBE","https://www.mc-coffee.co.jp/",""
"SA00485607","0011000000Iak9PAAR","SP00638943","京都きもの市場（PC・スマホ）","EC-CUBE","http://www.kimonoichiba.com/",""
"SA00483161","0011000000z9Hj9AAE","SP00772120","AIRTIGHT FOAM公式直販サイト　（PC・スマホ）","EC-CUBE","http://www.airtight-trading.co.jp/pufoam/html/",""
"SA00517914","0011000000IarVkAAJ","SP00667326","ここよかねっと","EC-CUBE","http://www.kokoyoka.net/",""
"SA00485557","00110000011wXluAAE","SP00774366","イチカラ（ＰＣ・スマホ）","EC-CUBE","http://moro-ichikara.com/",""
"SA00465239","0011000000axLgWAAU","SP00732928","みんデパ（PC・スマホ）","EC-CUBE","http://mindepa.jp",""
"SA00465329","0011000000bdet1AAA","SP00732993","お肌の駆けコミ寺　（PC）","EC-CUBE","http://www.bjn.jp/",""
"SA00465582","0011000000bdmvjAAA","SP00733148","QueenCosmetic(PC、スマホ、フィーチャーフォン)","EC-CUBE","http://queencosmetic.jp",""
"SA00465624","0011000000bdomNAAQ","SP00733177","シボネオンラインストア　（ＰＣ・スマホ）","EC-CUBE","http://www.cibone.com/",""
"SA00472985","0011000000WvafMAAR","SP00723168","スワンズ・コミュニケーションセンターWeb（PC・スマホ）","EC-CUBE","http://netshop.swans.co.jp",""
"SA00472989","0011000000IatYjAAJ","SP00675090","BlackBurnセカンド","EC-CUBE","http://blackburn.main.jp/second/",""
"SA00472987","0011000000o2cZrAAI","SP00743449","YAMAMOTO SAFETY ONLINE SHOP（PC・スマホ）","EC-CUBE","http://yamamoto-safety-online.com",""
"SA00507401","0015F000017ubINQAY","SP00807160","レミフルラン独自サイト　（PC・スマホ）","EC-CUBE","http://islemid.jp/diafullrun/index_hourei2.html",""
"SA00465895","0011000000bf0GvAAI","SP00733352","My Rossa Life web（PC・スマホ）","EC-CUBE","http://www.akaitecho.jp",""
"SA00465953","0011000000bduBkAAI","SP00733262","ONLINE　SHOP　EC-CUBE（PC・スマホ・フィーチャーフォン）","EC-CUBE","http://shop.pscompany.co.jp",""
"SA00465947","0011000000IaoUoAAJ","SP00655641","コロカルリンベル通販　（PC・スマホ）","EC-CUBE","http://ringbell.colocal.jp",""
"SA00465959","0011000000bf68dAAA","SP00733406","ビューティジーン　プロフェッショナル　オンラインストア　（PC・スマホ）","EC-CUBE","http://beautygene-pro.jp/contents/onlinestore.php",""
"SA00466038","0011000000bfgfRAAQ","SP00733466","コスペディアウイッグ本店(PC、スマホ、フィーチャーフォン)","EC-CUBE","http://www.cospediawig.jp/",""
"SA00466053","0011000000bfhjXAAQ","SP00733473","ミリタリーショップ　レプマート（PC・スマホ）","EC-CUBE","http://repmart.jp",""
"SA00466094","0011000000bflH0AAI","SP00733501","ミラっぷ（PC・スマホ）","EC-CUBE","http://mirap.jp",""
"SA00473043","0011000000mBupwAAC","SP00743198","KoHオンラインショップ（PC・スマホ）","EC-CUBE","http://kohcosmetics.jp/",""
"SA00466356","0011000000bfrSaAAI","SP00733797","ワンダフク ワンクロ　（PC・スマホ）","EC-CUBE","http://wonderfuku.com",""
"SA00466775","0011000000bdomNAAQ","SP00733177","スーベニアフロムトーキョーオンラインショップ　（ＰＣ・スマホ）","ＥＣ-ＣＵＢＥ","http://www.souvenirfromtokyo.jp",""
"SA00467954","0011000000bh0voAAA","SP00736454","デザエッグ(PC、スマホ、フィーチャーフォン)","EC-CUBE","http://dezaegg.com/",""
"SA00469967","0011000000Ibq7MAAR","SP00682716","ふるさとグルメ紀行（PC・スマホ・フィーチャー）","EC-CUBE","http://ikkyu-an.co.jp/",""
"SA00469308","0011000000bhlS7AAI","SP00739151","ＡＮＪＵ　STONES（ＰＣ・スマホ・フィーチャーフォン）","EC-CUBE","http://anst.jp/",""
"SA00469332","0011000000i4EGRAA2","SP00739164","rose-de-falla（ローズ デ ファラ）(PC・スマホ）","EC-CUBE","http://rose-de-falla.com",""
"SA00466786","0011000000bgFhIAAU","SP00734849","クラチャイダムEXハイパー(PC、スマホ)","EC-CUBE","http://krachaidam.hk0123.info/",""
"SA00514201","0015F00001BA6sxQAD","SP00826770","美百花-BIHYAKKA- 　（PC・スマホ）","EC-CUBE","http://bihyakka.jp/user_data/bihyakka02.php","http://bihyakka.jp/user_data/faq.php"
"SA00518996","0015F00001FLet2QAD","SP00831518","リズプラベール LP（PC・スマホ）","EC-CUBE","http://rizpravail.jp/lp/","http://rizpravail.jp/user_data/tokutei.php"
"SA00515693","0015F00001BxnOpQAJ","SP00828543","サバの専門店マルカネ　EC-CUBE（PC・スマホ）","EC-CUBE","https://www.saba-marukane.com","https://www.saba-marukane.com"
"SA00490803","00110000010EyzfAAC","SP00772411","くもつ風花堂（PC・スマホ）","EC-CUBE","http://www.kumotsu.jp/",""
"SA00466644","0011000000bg5SLAAY","SP00734787","良品基地(PC)","EC-CUBE","http://ryohinlab.com",""
"SA00466649","0011000000bdjPmAAI","SP00733083","AppBank　Store　（PC・スマホ）","EC-CUBE","http://www.appbankstore.jp",""
"SA00469952","0011000000i5a2qAAA","SP00739557","電線ストア.com（PC・スマホ）","EC-CUBE","http://www.densen-store.com/",""
"SA00473095","0011000000o3iczAAA","SP00743485","ぴよちゃんクリーニングオンラインショップ（PC、スマホ）","EC-CUBE","http://acelaundry.co.jp",""
"SA00466700","0011000000bdomNAAQ","SP00733177","ジョージズオンラインストア　（ＰＣ・スマホ）","ＥＣ-ＣＵＢＥ","http://www.georges.co.jp",""
"SA00466792","0011000000bgFqBAAU","SP00734851","物流用品.com　（PC・スマホ）","EC-CUBE","http://butsuryu-yohin.com/",""
"SA00466793","0011000000bgFqBAAU","SP00734851","特注ﾌﾚｷｼﾌﾞﾙｺﾝﾃﾅﾊﾞｯｸﾞ　（PC・スマホ）","EC-CUBE","http://www.tokusyu-tonbag.com/",""
"SA00468217","0011000000bhJ1DAAU","SP00736581","ブルークレール　（PC・スマホ）","EC-CUBE","https://www.blcl.jp/",""
"SA00466970","0011000000bgUl8AAE","SP00734953","株式会社MIHARU","EC-CUBE","http://www.miharu-ltd.com",""
"SA00466972","0011000000bgUlyAAE","SP00734955","大洋紙業株式会社","EC-CUBE","http://www.ebiss-factory.com",""
"SA00466961","0011000000UH99nAAD","SP00710369","Mew　contact　（PC・スマホ）","EC-CUBE","http://contact.mewshop.jp/",""
"SA00466983","0011000000bgXCAAA2","SP00734960","avenue(PC、スマホ)","EC-CUBE","http://www.avenue.ne.jp",""
"SA00470068","0011000000i65ySAAQ","SP00739614","すぐまる！（ＰＣ）","EC-CUBE","http://sugumaru.com/",""
"SA00466998","0011000000bgYo3AAE","SP00734974","オフィス31本店(PC、スマホ)","EC-CUBE","http://shop.sanpori.jp",""
"SA00470094","0011000000i6KMMAA2","SP00739808","沖縄げんき 沖縄蔵元 黒麹醪酢（PC・スマホ・フィーチャーフォン）","ＥＣ-ＣＵＢＥ","http://www.okinawa-genki.com/",""
"SA00473206","0011000000o5GRuAAM","SP00743537","ゆびのば．com　（PC・スマホ・フィーチャーフォン）","EC-CUBE","http://yubinoba.com",""
"SA00473233","0011000000m9lGkAAI","SP00743070","宮崎地鶏炭火焼「車」オンラインショップ　（PC・スマホ・フィーチャーフォン）","EC-CUBE","http://shop.kuruma-jp.com",""
"SA00467055","0011000000bgbbNAAQ","SP00735002","笑いーと　（PC・スマホ）","EC-CUBE","http://www.wara-eat.jp",""
"SA00468232","0011000000bhJ7MAAU","SP00736585","Cuelle Online Store（PC・スマホ）","EC-CUBE","www.cuelle.com",""
"SA00469435","0011000000i4JRaAAM","SP00739219","フェイシャルコスメティック研究所 （PC・スマホ）","EC-CUBE","http://facial-cosmetic.com/butterflyqueen/",""
"SA00469477","0011000000i4LTjAAM","SP00739237","子供服のバンバン（PC・スマホ）","EC-CUBE","http://bambinstore.com/shop",""
"SA00469478","0011000000i4LTkAAM","SP00739238","ペイザン（ＰＣ・スマホ）","EC-CUBE","www.paysanne.net/ec/",""
"SA00470207","0011000000i7pdcAAA","SP00739886","celeb-florist(PC・スマホ）","EC-CUBE","http://celeb-florist.com/",""
"SA00474018","0011000000Iapk7AAB","SP00660638","ノースフィール（PC、スマホ、フィーチャーフォン）","EC-CUBE","http://northfeel.co.jp",""
"SA00467683","0011000000bgBcTAAU","SP00734834","手作りヨーグルトＥａｓｉｙｏ（ＰＣ・スマホ・フィーチャーフォン）","EC-CUBE","http://www.easiyo-japan.com",""
"SA00470678","0011000000UJGNAAA5","SP00715615","Angel Luna","EC-CUBE","http://angelluna.jp/",""
"SA00474052","0011000000IbfiJAAR","SP00680249","コンパーテスショコラティエ オンラインショップ　（PC・スマホ）","EC-CUBE","http://compartesjapan.com",""
"SA00467826","0011000000bgsexAAA","SP00736363","orisuta　（ＰＣ）","EC-CUBE","http://www.orisuta.com",""
"SA00469037","0011000000bhKfiAAE","SP00739001","カシェットシークレット ショッピングサイト　（PC・スマホ・フィーチャーフォン）","EC-CUBE","http://www.cachettesecrete.com/ec/",""
"SA00470545","0011000000IasL6AAJ","SP00670410","Net電材屋（テストサイト）","EC-CUBE","http://i-human.co.jp/net-denzai/",""
"SA00474200","0011000000IasfSAAR","SP00671872","minotta","EC-CUBE","http://www.minotta-store.com/",""
"SA00474196","0011000000UJcAFAA1","SP00716236","NULLストア（PC、スマホ）","EC-CUBE","http://www.mens-null.com",""
"SA00470986","0011000000kQHb5AAG","SP00740334","LOUIS SIGN（PC・スマホ）","EC-CUBE","http://louis-sign.com",""
"SA00470985","0011000000IaprWAAR","SP00660893","モードルイーズ オンラインショッピング（PC・スマホ）","EC-CUBE","http://mode-louis.com",""
"SA00474768","0011000000pesqgAAA","SP00745639","愛され酵素（PC、スマホ、フィーチャーフォン）","EC-CUBE","http://aisarekouso.com",""
"SA00474770","0011000000pesqiAAA","SP00745641","秋田のトラ男米店（PC)","EC-CUBE","http://www.torao.jp",""
"SA00483543","0011000000tBuDAAA0","SP00750243","PDF→CADデータweb変換サービス（PC）","EC-CUBE","https://www.zumenhenkan.com/",""
"SA00483558","0011000000zBjL5AAK","SP00772254","ISBIT　オンラインストア（PC・スマホ）","EC-CUBE","http://isbit.jp",""
"SA00491825","00110000015n6F8AAI","SP00792785","丸美屋 通販くらぶ　（PC・スマホ）","EC-CUBE","http://www.marumiya-tsuhan.com/",""
"SA00483591","00110000010D1agAAC","SP00772267","マシュマロベイビー（PC・スマホ）","EC-CUBE","http://marshmallowbaby.jp",""
"SA00483658","0011000000zBcggAAC","SP00772246","元気ノ国 EC-CUBE （PC・スマホ）","EC-CUBE","http://genkinokuni.jp/",""
"SA00483691","00110000010DnUVAA0","SP00772302","プロヤマ（PC/スマートフォン）","EC-CUBE","http://www.pro-yama.jp",""
"SA00483781","00110000010EEXnAAO","SP00772318","MY COLLECTION（PC)","EC-CUBE","http://m-y-collection.com/",""
"SA00483819","00110000010ENz3AAG","SP00772332","SARAVIO_SITE（PC・スマホ）","EC-CUBE","http://www.saravio.jp/",""
"SA00483820","00110000010EO4SAAW","SP00772333","SARAVIO_SITE（PC・スマホ）","EC-CUBE","http://www.saravio.jp/",""
"SA00483821","0011000000Iao9CAAR","SP00654301","コパイバ公式オンラインストア","EC-CUBE","http://copaiba.jp/",""
"SA00474085","0011000000IasfSAAR","SP00671872","おもてなし重","EC-CUBE","http://www.omotenashiju.jp/",""
"SA00474107","0011000000oeyK1AAI","SP00745366","まつげエクステ ProShop（PC、スマホ）","EC-CUBE","http://matsugeekusute.jp/",""
"SA00467717","0011000000bgoWmAAI","SP00736319","Primevere（PC・スマホ）","EC-CUBE","http://primevere-rce.net/",""
"SA00467774","0011000000bgqxOAAQ","SP00736340","パズドラ屋(PC、スマホ)","EC-CUBE","http://www.pazudoraya.com/",""
"SA00470298","0011000000i4vWOAAY","SP00739351","女性向け育毛剤　髪美力-佐藤製薬　（PC・スマホ）","EC-CUBE","http://www.hatsubiryoku.com",""
"SA00469024","0011000000bhPbNAAU","SP00739016","Swwets-Stock　（PC）","EC-CUBE","http://www.sweets-stock.com/",""
"SA00470345","0011000000IatLVAAZ","SP00674275","FONTANA","EC-CUBE","http://nailtable.jp/",""
"SA00483440","0011000000yhM1sAAE","SP00772050","スナックキングダム　（PC・スマホ・フィーチャーフォン）","EC-CUBE","http://snakin.jp",""
"SA00470407","0011000000i5jiQAAQ","SP00739571","すまいる直送便	（PC）","EC-CUBE","http://sumachoku.jp/",""
"SA00474156","0011000000of8zgAAA","SP00745393","グロワーズマーケット熊本　（PC・スマホ・フィーチャーフォン）","EC-CUBE","http://gmk.asia",""
"SA00518537","0015F00001FL9R5QAL","SP00831382","おとどけや　（PC・スマホ）","EC-CUBE","http://otodokeya.jp",""
"SA00470748","0011000000kNLv7AAG","SP00740170","ミトコンドリンク　（PC・スマホ）","EC-CUBE","http://cyes.jp/",""
"SA00470727","0011000000bduBkAAI","SP00733262","VOICELESS BY BLACKMORAL","EC-CUBE","http://shop2.pscompany.co.jp/",""
"SA00470758","0011000000kNRrZAAW","SP00740177","メルライン販売サイト（PC、スマホ）","EC-CUBE","http://www.real-beautycare.com/melline",""
"SA00471401","0011000000kmEgoAAE","SP00741564","テニスショップラリー　（ＰＣ・スマホ・フィーチャーフォン）","ＥＣ-ＣＵＢＥ","http://www.rally-tennis.com",""
"SA00474803","0011000000pez7dAAA","SP00745650","likestore（PC)","EC-CUBE","http://likestore.like-it.jp/",""
"SA00471579","0011000000koHDoAAM","SP00741653","ロコクロ　（PC・スマホ・フィーチャーフォン）","EC-CUBE","https://lococlo.com/",""
"SA00471539","0011000000ko4DPAAY","SP00741632","DEPARTMENT（PC・スマホ）","EC-CUBE","http://dept.mx/",""
"SA00475844","0011000000IapxvAAB","SP00661290","モバイルガジェットショップがうがう！（PC、スマホ）","EC-CUBE","http://www.gaugau.jp",""
"SA00480641","0011000000vn0XEAAY","SP00754656","ゴルスポ！（PC・スマホ）","EC-CUBE","http://www.golspo.com",""
"SA00471586","0011000000koIJ7AAM","SP00741656","京・すずの桑　（PC）","EC-CUBE","http://www.santokubiken.com/",""
"SA00471588","0011000000jpQbrAAE","SP00739904","ＭＨ２（PC、スマホ、フィーチャーフォン）","EC-CUBE","http://www.mh2-maro.com/",""
"SA00471598","0011000000koJeaAAE","SP00741659","BREVASオンラインショップ（スマホ）","EC-CUBE","http://cupido-aroma.com",""
"SA00475859","0011000000qisHqAAI","SP00747203","リビングタイム（PC、スマホ）","EC-CUBE","http://www.livingtime.jp",""
"SA00475213","0011000000p7AnlAAE","SP00745480","dan sharaku online shop　（PC・スマホ）","EC-CUBE","http://dan-sharaku.jp",""
"SA00475212","0011000000WufCzAAJ","SP00716693","Light House Beauty（PC)","EC-CUBE","http://lighthousebeauty.jp/user_data/candeto.php",""
"SA00468009","0011000000bh34kAAA","SP00736478","GraciusClub(PC、スマホ、フィーチャーフォン)","EC-CUBE","http://www.gracious-club.jp",""
"SA00472075","0011000000kpKMDAA2","SP00742925","ジェイピーアーミー　（ＰＣ）","EC-CUBE","http://jparmy.com",""
"SA00475234","0011000000pfVoAAAU","SP00746876","あいび（PC)","EC-CUBE","http://aibi-skin.co.jp",""
"SA00509946","0011000000Iasx6AAB","SP00672766","イケマン（PC・スマホ）","EC-CUBE","http://www.ikeman.co.jp/shop/","http://www.ikeman.co.jp/shop/order/"
"SA00481911","0011000000xE24sAAC","SP00758051","Everyday Wellness（PC・スマホ）","EC-CUBE","http://everydaywellness.jp/shop/",""
"SA00468011","0011000000LCXhrAAH","SP00687916","オリーブ・キアラ（PC）","EC-CUBE","http://www.olivekiara.com",""
"SA00472227","0011000000m8LTyAAM","SP00742978","ヘルス＆ビューティーストア　（PC）","EC-CUBE","http://7ands.com",""
"SA00475264","0011000000pfl2bAAA","SP00746892","バルコムプレミアムショップ（PC)","EC-CUBE","http://www.balcomshop.com",""
"SA00475272","0011000000pfmQTAAY","SP00746893","LA+（ラプラス）（PC、スマホ）","EC-CUBE","http://laplus.blue",""
"SA00468035","0011000000Oc9CkAAJ","SP00705051","西新オレンジ時計店（本店）　EC-CUBE（PC）","EC-CUBE","http://www.orange-tokei.com/",""
"SA00472426","0011000000m9wloAAA","SP00743082","北前船 松前（PC/スマホ）","EC-CUBE","http://www.sakura-maguro.com/",""
"SA00472510","0011000000mAjezAAC","SP00743119","木村木品製作所オンラインショップ　（PC・スマホ）","EC-CUBE","http://shop.kimumoku.jp",""
"SA00490851","0011000000NrHR8AAN","SP00700411","ビークリエイト（PC）","EC-CUBE","https://be-create.net/",""
"SA00483883","00110000010EQOtAAO","SP00772338","KAMIFUSAFUSA-SITE（PC、スマホ）","EC-CUBE","http://www.kami-fusafusa.jp/",""
"SA00511031","0015F00001A5grSQAR","SP00823623","住の森 EC-CUBE （PC・スマホ）","EC-CUBE","http://www.sumai-mori.net/",""
"SA00511030","0015F00001A5grSQAR","SP00823623","住宅設備の超特価専門店生活堂 EC-CUBE （PC・スマホ）","EC-CUBE","http://www.seikatsu-do.com",""
"SA00517441","0015F00001D1HO0QAN","SP00830599","泡盛ストリート.net　（PC・スマホ）","EC-CUBE","https://awamori-street.net","https://awamori-street.net/user_data/guide.php#payment"
"SA00491560","00110000015GpD6AAK","SP00792626","カーペット通販ドットコム（PC・スマホ）","EC-CUBE","http://www.capt2.com/",""
"SA00512879","0015F00001A6N1xQAF","SP00823892","天使のはねストア","EC-CUBE","https://store.seiban.co.jp/",""
"SA00472415","0011000000m9vp4AAA","SP00743077","7+English　EC-CUBE（PC・スマホ・フィーチャーフォン）","EC-CUBE","http://7plus-e.com/ad-lp",""
"SA00472417","0011000000m9vp4AAA","SP00743077","らくらく韓国語　EC-CUBE（PC・スマホ・フィーチャーフォン）","EC-CUBE","https://www.rakuraku-korea.com/",""
"SA00472536","0011000000mAtQdAAK","SP00743129","ラスター（PC・スマホ）","EC-CUBE","http://www.fcafe-hanna.com/",""
"SA00510983","0015F00001A5arcQAB","SP00823599","一人暮らしインテリアのジパング.com （PC・スマホ）","EC-CUBE","http://www.1hitorigurashi.com",""
"SA00484752","00110000010G24zAAC","SP00773883","ばあばのプリザ専花　EC-CUBE（PC・スマホ）","EC-CUBE","http://www.purizasenka.com/",""
"SA00484745","00110000010G0lDAAS","SP00773879","和蘭・健康サポート（PC・スマホ）","EC-CUBE","http://www.waran-k.com",""
"SA00484797","00110000010GAl0AAG","SP00773911","UCOSHOP　EC-CUBE（PC・スマホ・フィーチャーフォン）","EC-CUBE","http://kawaiiu.co",""
"SA00512108","0015F00001AOwwlQAD","SP00824528","パーツ美人専門ショップ　（PC・スマホ）","EC-CUBE","https://partsbijin.com/",""
"SA00512881","0011000000i4RG6AAM","SP00739272","SIAFUL（PC・スマホ）","EC-CUBE","http://www.siaful.co.jp/products/list.php","http://www.siaful.co.jp/user_data/flow.php"
"SA00485137","00110000011uA93AAE","SP00774144","オンラインショップ （PC・スマホ）","EC-CUBE","http://www.dohsui.co.jp/order",""
"SA00491859","00110000015nOoHAAU","SP00792802","モノケース （PC・スマホ）","EC-CUBE","http://mono-case.jp/",""
"SA00485331","00110000011vEbGAAU","SP00774268","薬用育毛剤「Be&（ビアンド）」　（PC・スマホ）","EC-CUBE","http://be-and7.com",""
"SA00485332","00110000011vEbGAAU","SP00774268","薬用入浴剤「黄金湧泉」　（PC・スマホ）","EC-CUBE","http://11bath.com",""
"SA00491873","0015F000015W6ekQAC","SP00792815","羊プラセンタ「CELLCELLAR（セルセラ）」公式ショップ（PC・スマホ）","EC-CUBE","http://cell-cellar.jp",""
"SA00491894","0015F000015W9l7QAC","SP00792822","風水改運中心（PC・スマホ）","EC-CUBE","https://kaiun.co.jp/",""
"SA00485423","0011000000IaiiwAAB","SP00633458","SFC本店(PC)","EC-CUBE","http://sfc-honten.com/",""
"SA00485540","0011000000IasSgAAJ","SP00670880","地のものファーム(PC)","EC-CUBE","https://jinomono.net/",""
"SA00485568","00110000011vBPSAA2","SP00774264","いい直売ネット（PC・スマホ）","EC-CUBE","http://www.e-chokubai.net",""
"SA00485566","00110000011vEbGAAU","SP00774268","自然の森製薬（PC・スマホ）","EC-CUBE","http://shizenno-mori.com/","http://shizenno-mori.com/law.html"
"SA00486100","00110000013BhOiAAK","SP00775648","＋1 STYLE　（PC）","EC-CUBE","http://i-store.innovation-group.jp/",""
"SA00491077","00110000014cpLwAAI","SP00788835","HP　よつ葉のサプリ（PC）","EC-CUBE","http://www.yotsuba-supli.jp",""
"SA00486162","00110000013BxkUAAS","SP00775667","あんみつ館","EC-CUBE","https://www.anmitsukan.jp/",""
"SA00486313","00110000013CkQMAA0","SP00775728","GAORAオンラインショップ（PC）","EC-CUBE","http://shop.gaora.co.jp",""
"SA00495797","0015F000016zBa5QAE","SP00797918","Primp doll（PC・スマホ）","EC-CUBE","http://www.primpdoll.com",""
"SA00495816","0015F000016TSgDQAW","SP00797531","GNINEオフィシャル店（ＰＣ・スマホ）","EC-CUBE","http://www.gnine.jp",""
"SA00486368","00110000013DKrfAAG","SP00775744","モノケース（ＰＣ・スマホ）","EC-CUBE","http://mono-case.jp",""
"SA00486379","00110000013DRvjAAG","SP00775747","フルールマルシェソレイユ　（PC・スマ）","EC-CUBE","http://www.fleur-soleil.net/",""
"SA00499938","0015F000017c4VsQAI","SP00804193","今帰仁酒造 ウェブショップ　（PC・スマホ・フィーチャーフォン）","EC-CUBE","http://www.nakijin-awamori.com",""
"SA00509409","0015F000019456lQAA","SP00820277","フォトケーキ王国（PC・スマホ）","EC-CUBE","http://photo-cake.jp","http://photo-cake.jp"
"SA00509429","0015F00001946KKQAY","SP00820292","正規販売店・バッグ通販TORATO　（PC・スマホ）","EC-CUBE","https://torato.jp","https://torato.jp/payment/"
"SA00508871","0015F0000171hOrQAI","SP00800213","HOKKAIDO VALUE（PC・スマホ）","EC-CUBE","https://www.hokkaido-value.com/",""
"SA00500877","0015F000017tmjDQAQ","SP00804897","override ONLINE STORE（PC・スマホ・フィーチャーフォン）","EC-CUBE","http://override-online.com/",""
"SA00500875","0015F000017tmgiQAA","SP00804896","KANGOL ONLINE STORE（PC・スマホ・フィーチャーフォン）","EC-CUBE","http://kangol.jp/store/",""
"SA00500872","0015F000016ygDyQAI","SP00797892","シンデレラリバティ（PC・スマホ）","EC-CUBE","http://cinlib.jp",""
"SA00508893","0015F0000193FGBQA2","SP00819065","ALEXIASTAM　（PC・スマホ・フィーチャーフォン）","EC-CUBE","https://alexiastam.com/shop",""
"SA00500914","0015F000017tscEQAQ","SP00804918","神戸ラボ・セレクトWEBストア（PC)","EC-CUBE","http://kobelaboselect.com",""
"SA00507638","0015F000018iV0pQAE","SP00815590","MIRANEST　（PC・スマホ）","EC-CUBE","http://miranest.jp/","http://miranest.jp/first/"
"SA00501767","0011000000IaoW3AAJ","SP00655718","イルミネーション専門店 e-Lightscape（PC・スマホ）","EC-CUBE","https://e-lightscape.jp/",""
"SA00513112","0011000000i4LTkAAM","SP00739238","ペイザン（ＰＣ・スマホ）","EC-CUBE","http://paysanne.net/ec/","http://paysanne.net/ec/user_data/tokutei.php"
"SA00507703","0015F0000168In8QAE","SP00794544","アカラギャラリーオンラインストア（PC・スマホ）","EC-CUBE","https://gallery.akara.asia","https://gallery.akara.asia/guide/help.php"
"SA00507362","0015F000017zAlgQAE","SP00807390","ふるさと21　EC-CUBE（PC・スマホ）","EC-CUBE","http://www.fsec.jp",""
"SA00501869","0015F000017uGBGQA2","SP00807124","スギーズJrの60日英語発音マスター　（PC・スマホ）","EC-CUBE","https://sugis-dvd.com",""
